breed,url,a_adaptability,a1_adapts_well_to_apartment_living,a2_good_for_novice_owners,a3_sensitivity_level,a4_tolerates_being_alone,a5_tolerates_cold_weather,a6_tolerates_hot_weather,b_all_around_friendliness,b1_affectionate_with_family,b2_incredibly_kid_friendly_dogs,b3_dog_friendly,b4_friendly_toward_strangers,c_health_grooming,c1_amount_of_shedding,c2_drooling_potential,c3_easy_to_groom,c4_general_health,c5_potential_for_weight_gain,c6_size,d_trainability,d1_easy_to_train,d2_intelligence,d3_potential_for_mouthiness,d4_prey_drive,d5_tendency_to_bark_or_howl,d6_wanderlust_potential,e_exercise_needs,e1_energy_level,e2_intensity,e3_exercise_needs,e4_potential_for_playfulness,breed_group,height,weight,life_span,height_range_in,size
Afador,https://dogtime.com/dog-breeds/afador,2,1,1,3,3,4,2,3,4,2,3,1,3,4,3,2,3,4,4,4,1,5,4,4,4,4,4,4,4,4,3,Mixed Breed Dogs,20 to 29 inches,50 to 75 pounds,10 to 12 years,"20,29",5
Affenhuahua,https://dogtime.com/dog-breeds/affenhuahua,3,4,4,4,1,2,3,3,4,3,2,2,3,2,1,4,4,5,1,3,3,3,4,2,4,2,3,4,3,3,3,Mixed Breed Dogs,6 to 12 inches,4 to 12 pounds,13 to 18 years,"6,12",1
Affenpinscher,https://dogtime.com/dog-breeds/affenpinscher,3,5,4,3,1,3,3,3,5,1,4,3,2,1,1,3,4,3,1,3,2,4,4,3,2,2,4,4,3,3,4,Companion Dogs,9 inches to 11 inches tall at the shoulder,7 to 9 pounds,12 to 14 years,"9,11",1
Afghan Hound,https://dogtime.com/dog-breeds/afghan-hound,4,5,3,5,2,5,5,4,5,5,4,2,2,4,1,1,3,1,4,3,1,4,3,5,2,5,4,5,2,4,4,Hound Dogs,"2 feet to 2 feet, 4 inches tall at the shoulder",50 to 60 pounds,10 to 12 years,"12,16",3
Airedale Terrier,https://dogtime.com/dog-breeds/airedale-terrier,2,1,2,3,2,3,3,4,4,4,4,3,3,2,1,2,3,4,3,5,4,5,5,5,4,4,5,5,3,5,5,Terrier Dogs,"1 foot, 9 inches to 1 foot, 11 inches tall at the shoulder",40 to 65 pounds,10 to 13 years,"21,23",4
Akbash,https://dogtime.com/dog-breeds/akbash,3,1,2,3,4,4,2,4,5,4,3,2,4,4,2,3,4,4,4,3,3,4,3,1,3,1,2,2,2,2,3,Working Dogs,27 to 34 inches,75 to 140 pounds,10 to 12 years,"27,34",5
Akita,https://dogtime.com/dog-breeds/akita,3,2,2,5,1,5,2,2,5,1,1,2,4,5,5,1,4,4,4,4,2,3,3,4,5,4,4,4,3,4,5,Working Dogs,"2 feet to 2 feet, 4 inches tall at the shoulder",70 to 130 pounds,10 to 12 years,"24,28",5
Alaskan Klee Kai,https://dogtime.com/dog-breeds/alaskan-klee-kai,3,3,2,4,2,5,2,3,4,3,2,2,3,4,2,4,4,2,2,4,4,4,2,5,3,4,4,4,2,4,4,Companion Dogs,13 to 17 inches,10 to 15 pounds,12 to 16 years,"13,17",2
Alaskan Malamute,https://dogtime.com/dog-breeds/alaskan-malamute,2,1,1,4,1,5,2,4,4,3,2,5,3,5,1,1,4,3,4,4,4,4,3,4,5,5,5,5,5,5,5,Working Dogs,"1 foot, 11 inches to 2 feet, 1 inch tall at the shoulder",75 to 100 pounds,12 to 15 years,"23,25",5
American Bulldog,https://dogtime.com/dog-breeds/american-bulldog,2,1,1,4,1,2,2,3,5,4,2,2,3,1,4,4,3,2,4,3,4,3,2,4,2,3,4,4,4,4,4,Working Dogs,20 to 28 inches,60 to 120 pounds,10 to 16 years,"20,28",5
American English Coonhound,https://dogtime.com/dog-breeds/american-english-coonhound,3,1,2,5,2,4,4,5,5,5,4,5,3,3,1,5,4,3,3,5,5,4,3,5,5,5,5,5,5,5,5,Hound Dogs,"1 foot, 11 inches to 2 feet, 2 inches tall at the shoulder",40 to 65 pounds,10 to 12 years,"12,26",3
American Eskimo Dog,https://dogtime.com/dog-breeds/american-eskimo-dog,4,5,4,4,2,5,3,5,5,5,5,4,3,5,1,3,5,4,2,4,5,4,3,3,4,3,4,5,3,4,5,Companion Dogs,"1 foot, 3 inches to 1 foot, 7 inches tall at the shoulder",Starts at 30 pounds,12 to 15 years,"15,19",3
American Foxhound,https://dogtime.com/dog-breeds/american-foxhound,2,1,2,2,1,4,4,5,4,5,5,4,4,3,1,5,5,5,3,4,2,3,3,4,5,5,5,5,4,5,5,Hound Dogs,"1 foot, 9 inches to 2 feet, 1 inch tall at the shoulder",40 to 60 pounds,12 to 13 years,"21,25",4
American Leopard Hound,https://dogtime.com/dog-breeds/american-leopard-hound,3,2,4,3,3,4,4,4,5,4,4,3,3,2,2,4,4,2,4,4,4,4,3,4,4,4,4,4,3,4,4,Hound Dogs,21 to 27 Inches.,35 to 75 pounds. ,12 to 15 years. ,"21,27",4
American Pit Bull Terrier,https://dogtime.com/dog-breeds/american-pit-bull-terrier,3,3,2,4,1,2,3,4,5,5,1,5,3,4,1,5,4,3,3,4,4,4,5,3,3,4,5,4,5,4,5,Terrier Dogs,"1 foot, 5 inches to 1 foot, 7 inches tall at the shoulder",30 to 85 pounds,12 to 16 years,"17,19",3
American Pugabull,https://dogtime.com/dog-breeds/american-pugabull,3,3,3,4,1,2,3,4,5,4,3,3,3,3,3,4,2,3,3,3,3,3,2,4,4,2,4,4,4,3,5,Mixed Breed Dogs,12 to 20 inches,25 to 70 pounds ,12 to 14 years ,"12,20",3
American Staffordshire Terrier,https://dogtime.com/dog-breeds/american-staffordshire-terrier,2,2,2,3,2,2,3,4,4,4,2,4,3,2,3,4,3,2,3,4,4,4,5,3,4,3,4,3,5,3,4,Terrier Dogs,16 to 19 inches,40 to 60 pounds,10 to 15 years,"16,19",3
American Water Spaniel,https://dogtime.com/dog-breeds/american-water-spaniel,3,2,2,5,1,2,4,4,5,5,2,3,3,3,1,3,3,3,3,4,4,3,5,2,3,5,4,5,2,5,5,Sporting Dogs,"1 foot, 3 inches to 1 foot, 6 inches tall at the shoulder",25 to 45 pounds,12 to 15 years,"15,18",3
Anatolian Shepherd Dog,https://dogtime.com/dog-breeds/anatolian-shepherd-dog,3,1,2,4,3,5,3,2,3,2,2,1,3,2,3,4,3,3,5,3,4,4,2,2,2,4,3,3,3,3,3,Working Dogs,"2 feet, 3 inches to 2 feet, 5 inches tall at the shoulder",80 to 150 pounds,11 to 13 years,"27,29",5
Appenzeller Sennenhunde,https://dogtime.com/dog-breeds/appenzeller-sennenhunde,3,1,3,3,1,5,4,4,5,5,3,2,3,3,1,5,4,3,3,4,4,4,5,3,5,3,4,4,4,5,4,Herding Dogs,"1 foot, 7 inches to 1 foot, 10 inches tall at the shoulder",48 to 55 pounds,9 to 12 years,19 to 22,3
Auggie,https://dogtime.com/dog-breeds/auggie,3,2,3,4,3,4,3,5,5,5,5,4,3,4,1,2,3,4,3,4,5,5,3,3,4,3,5,5,4,5,5,Mixed Breed Dogs,10 to 13 inches,20 to 30 pounds,12 to 15 years,10 to 13,2
Aussiedoodle,https://dogtime.com/dog-breeds/aussiedoodle,3,2,3,3,2,3,3,4,5,4,4,4,4,3,4,3,4,4,3,4,5,5,3,3,2,3,5,5,4,5,5,Mixed Breed Dogs,10 to 15 inches,25 to 70 pounds,10 to 13 years,10 to 15,2
Aussiepom,https://dogtime.com/dog-breeds/aussiepom,3,3,2,3,2,3,3,4,4,3,4,4,3,3,2,2,4,4,3,3,4,4,4,2,3,2,4,5,3,4,5,Mixed Breed Dogs,11 to 17 inches,10 to 30 pounds,12 to 15 years,11 to 17,2
Australian Cattle Dog,https://dogtime.com/dog-breeds/australian-cattle-dog,3,2,1,4,3,4,4,4,5,3,4,2,3,3,1,4,5,4,3,4,5,5,5,4,2,4,5,5,5,5,5,Herding Dogs,"1 foot, 5 inches to 1 foot, 8 inches tall at the shoulder",30 to 50 pounds,12 to 15 years,17 to 20,3
Australian Kelpie,https://dogtime.com/dog-breeds/australian-kelpie,3,2,2,4,2,3,5,3,4,2,3,2,3,3,1,4,3,2,3,5,5,5,5,4,4,4,4,5,3,5,4,Herding Dogs,15 to 20 inches,25 to 46 pounds,10 to 15 years,15 to 20,3
Australian Retriever,https://dogtime.com/dog-breeds/australian-retriever,3,1,4,3,2,4,4,4,4,4,3,3,3,3,2,3,4,4,4,3,4,4,2,3,2,4,4,5,3,5,4,Mixed Breed Dogs,19 to 23 inches,25 to 60 pounds,12 to 15 years,19 to 23,3
Australian Shepherd,https://dogtime.com/dog-breeds/australian-shepherd,3,1,2,5,2,4,4,4,5,4,5,3,2,3,1,1,2,4,3,5,5,5,4,4,4,5,5,5,4,5,5,Herding Dogs,"1 foot, 6 inches to 1 foot, 11 inches tall at the shoulder",40 to 65 pounds,12 to 15 years,"18,23",3
Australian Shepherd Husky,https://dogtime.com/dog-breeds/australian-shepherd-husky,3,1,2,4,1,5,4,3,5,3,2,2,3,4,2,3,3,4,4,4,4,5,3,4,5,5,5,5,5,5,5,Mixed Breed Dogs,18 to 25 inches,40 to 65 pounds,12 to 15 years,"18,25",3
Australian Shepherd Lab Mix,https://dogtime.com/dog-breeds/australian-shepherd-lab-mix,4,2,2,5,4,5,4,4,4,4,4,4,4,4,2,4,4,3,4,4,5,5,4,3,3,5,5,5,5,5,5,Mixed Breed Dogs,22 to 25 inches ,40 to 80 pounds,12 to 15 years ,"22,25",4
Australian Shepherd Pit Bull Mix,https://dogtime.com/dog-breeds/australian-shepherd-pit-bull-mix,3,2,3,3,2,3,3,4,4,4,3,3,4,4,2,3,4,5,4,3,4,4,3,4,2,3,4,4,3,4,4,Mixed Breed Dogs,17 to 23 inches,30 to 85 pounds,10 to 16 years,"17,23",3
Australian Terrier,https://dogtime.com/dog-breeds/australian-terrier,3,5,3,2,2,3,4,3,4,3,2,3,3,1,1,5,5,3,1,4,3,4,1,5,5,4,5,5,5,4,5,Terrier Dogs,10 inches to 11 inches tall at the shoulder,14 to 16 pounds,Up to 15 years,"10,11",2
Azawakh,https://dogtime.com/dog-breeds/azawakh,3,5,2,3,3,1,5,3,4,2,3,2,3,3,1,5,3,3,3,3,3,3,3,4,1,2,3,3,2,4,3,Hound Dogs,"1 foot, 11 inches to 2 feet, 5 inches tall at the shoulder",33 to 55 pounds,12 to 15 years,"23,29",4
Barbet,https://dogtime.com/dog-breeds/barbet,3,3,2,3,1,4,4,4,5,4,4,3,2,2,1,1,4,3,3,3,4,4,2,3,3,3,4,5,3,3,4,Sporting Dogs,"1 foot, 8 inches to 2 feet, 1 inch tall at the shoulder",37 to 62 pounds,13 to 15 years,"20,25",4
Basenji,https://dogtime.com/dog-breeds/basenji,4,5,4,3,4,1,4,5,5,5,4,5,3,1,5,5,2,2,2,4,1,4,5,5,1,5,3,5,1,5,2,Hound Dogs,"1 foot, 4 inches to 1 foot, 5 inches tall at the shoulder",22 to 24 pounds,10 to 12 years,"16,17",3
Bassador,https://dogtime.com/dog-breeds/bassador,3,2,2,3,3,4,4,3,3,3,3,3,4,5,4,3,3,3,4,3,2,3,2,4,3,3,3,3,2,4,3,Mixed Breed Dogs,13 to 20 inches,45 to 70 pounds,10 to 12 years,"13,20",3
Basset Fauve de Bretagne,https://dogtime.com/dog-breeds/basset-fauve-de-bretagne,3,4,4,3,3,3,1,4,5,4,4,3,3,2,1,4,5,1,2,3,3,5,3,3,2,1,3,4,2,4,3,Hound Dogs,12 to 15 inches. ,25 to 35 pounds. ,12 to 15 years. ,"12,15",2
Basset Hound,https://dogtime.com/dog-breeds/basset-hound,3,5,4,4,3,2,2,5,5,5,5,5,4,4,4,5,1,5,2,4,2,4,3,5,4,5,2,2,2,2,2,Hound Dogs,"Up to 1 foot, 2 inches tall at the shoulder",50 to 65 pounds,10 to 12 years,"11,14",2
Basset Retriever,https://dogtime.com/dog-breeds/basset-retriever,3,3,3,2,2,4,4,4,4,4,3,4,3,2,2,4,4,4,3,4,4,5,3,5,2,4,4,4,2,4,4,Mixed Breed Dogs,10 to 14 inches,40 to 70 pounds,10 to 12 years,"10,14",2
Bavarian Mountain Scent Hound,https://dogtime.com/dog-breeds/bavarian-mountain-scent-hound,2,2,3,2,2,2,3,4,5,4,3,2,3,1,2,3,4,2,3,3,3,4,2,4,2,2,4,4,2,4,4,Hound Dogs,17 to 20 inches.,44 to 55 pounds. ,10 to 14 years. ,"17,20",3
Beabull,https://dogtime.com/dog-breeds/beabull,3,4,3,4,4,2,2,4,5,5,4,3,4,4,3,5,3,4,3,4,3,3,4,4,4,4,4,3,4,3,5,Mixed Breed Dogs,12 to 16 inches,30 to 60 pounds,10 to 13 years,"12,16",2
Beagle,https://dogtime.com/dog-breeds/beagle,3,4,3,4,1,2,4,5,5,5,5,5,3,3,1,4,1,5,2,4,1,4,3,5,5,5,5,4,5,4,5,Hound Dogs,"1 foot, 1 inch to 1 foot, 3 inches tall at the shoulder",18 to 30 pounds,10 to 15 years,"13,15",2
Beaglier,https://dogtime.com/dog-breeds/beaglier,3,5,4,4,1,2,3,5,5,5,5,5,3,3,1,4,2,5,2,3,2,4,3,3,4,4,4,3,3,4,5,Mixed Breed Dogs,12 to 16 inches ,10 to 20 pounds,10 to 15 years ,"12,16",2
Bearded Collie,https://dogtime.com/dog-breeds/bearded-collie,3,3,4,4,2,4,3,5,5,4,5,4,3,4,1,2,3,4,3,4,5,4,3,3,3,5,4,4,4,4,5,Herding Dogs,"1 foot, 8 inches to 1 foot, 10 inches tall at the shoulder",45 to 55 pounds,12 to 14 years,"20,22",4
Bedlington Terrier,https://dogtime.com/dog-breeds/bedlington-terrier,4,4,4,3,3,4,3,5,5,4,4,5,3,5,1,1,4,3,3,4,3,5,4,5,3,4,4,4,2,4,5,Terrier Dogs,"1 foot, 3 inches to 1 foot, 4 inches tall at the shoulder",17 to 23 pounds,14 to 16 years,"15,16",3
Belgian Malinois,https://dogtime.com/dog-breeds/belgian-malinois,3,1,3,5,3,4,4,4,5,4,2,3,3,2,1,5,4,2,4,4,5,5,3,4,2,3,5,5,4,5,5,Herding Dogs,22 inches to 26 inches tall at the shoulder,40 to 80 pounds,12 to 14 years,"22,26",4
Belgian Sheepdog,https://dogtime.com/dog-breeds/belgian-sheepdog,4,3,3,5,3,4,3,5,4,5,5,4,3,5,1,3,3,2,4,4,5,5,2,5,1,4,5,5,3,5,5,Herding Dogs,"1 foot, 10 inches to 2 feet, 2 inches tall at the shoulder",60 to 75 pounds,10 to 12 years,"22,26",4
Belgian Tervuren,https://dogtime.com/dog-breeds/belgian-tervuren,3,3,3,5,1,4,3,3,4,3,3,3,3,4,1,3,3,2,4,4,5,5,2,2,5,4,4,5,3,4,5,Herding Dogs,"1 foot, 9 inches to 2 feet, 2 inches tall at the shoulder",40 to 70 pounds,10 to 12 years,"21,26",4
Berger Picard,https://dogtime.com/dog-breeds/berger-picard,4,3,4,5,3,4,3,4,5,5,3,2,4,4,1,5,5,3,4,3,4,4,2,3,2,2,5,5,3,5,5,Herding Dogs,"1 foot, 9 inches to 2 feet, 1 inch tall at the shoulder",50 to 70 pounds,13 to 14 years,"21,25",4
Bernedoodle - Standard,https://dogtime.com/dog-breeds/bernedoodle,3,3,3,4,2,5,3,4,5,5,4,3,3,1,2,3,4,3,3,4,4,5,4,3,3,3,4,4,3,3,5,Mixed Breed Dogs,From 23 to 29 inches tall at the shoulder,From 70 to 90 pounds,12 to 18 years. Tiny Bernedoodles tend to live longer than standard.,"23,29",4
Bernedoodle - Small,https://dogtime.com/dog-breeds/bernedoodle,3,3,3,4,2,5,3,4,5,5,4,3,3,1,2,3,4,3,3,4,4,5,4,3,3,3,4,4,3,3,5,Mixed Breed Dogs,18 to 22 inches,From 25 to 49 pounds,12 to 18 years. Tiny Bernedoodles tend to live longer than standard.,"18,22",3
Bernedoodle - Tiny,https://dogtime.com/dog-breeds/bernedoodle,3,3,3,4,2,5,3,4,5,5,4,3,3,1,2,3,4,3,3,4,4,5,4,3,3,3,4,4,3,3,5,Mixed Breed Dogs,10 to 17 inches,From 10 to 24 pounds,12 to 18 years. Tiny Bernedoodles tend to live longer than standard.,"10,17",2
Bernese Mountain Dog,https://dogtime.com/dog-breeds/bernese-mountain-dog,2,1,2,4,1,5,1,5,5,5,3,5,4,5,4,3,1,4,5,4,4,4,5,5,4,3,4,4,3,3,4,Working Dogs,23 to 28 inches,70 to 115 pounds,6 to 10 years,"23,28",5
Bichon Frise,https://dogtime.com/dog-breeds/bichon-frise,4,5,5,5,1,3,4,5,5,4,4,5,2,2,1,1,4,4,2,3,5,4,3,4,2,2,4,5,3,3,5,Companion Dogs,9 inches to 11 inches tall at the shoulder,7 to 12 pounds,12 to 15 years,"9,11",2
Biewer Terrier,https://dogtime.com/dog-breeds/biewer-terrier,3,5,3,3,3,2,3,4,5,4,3,3,2,1,1,4,4,3,1,3,3,4,3,1,3,1,4,5,3,3,4,Terrier Dogs,7 to 11 inches,4 to 8 pounds,12 to 15 years,"7,11",1
Black and Tan Coonhound,https://dogtime.com/dog-breeds/black-and-tan-coonhound,3,1,2,3,2,4,4,5,5,5,5,5,4,5,3,4,5,5,3,4,2,5,1,5,5,5,5,5,5,5,5,Hound Dogs,"1 foot, 11 inches to 2 feet, 3 inches tall at the shoulder",75 to 100 pounds,10 to 12 years,"23,27",5
Black Mouth Cur,https://dogtime.com/dog-breeds/black-mouth-cur,3,1,2,4,2,3,3,4,5,5,3,3,3,3,2,5,4,2,4,4,3,4,3,5,4,4,4,4,3,5,4,Working Dogs,16 to 25 inches,40 to 95 pounds,12 to 18 years,"16,25",4
Black Russian Terrier,https://dogtime.com/dog-breeds/black-russian-terrier,3,3,2,4,1,4,3,4,5,5,2,3,3,2,3,2,3,3,5,4,4,4,4,3,3,3,5,4,5,4,5,Working Dogs,26 to 28 inches at the shoulder,80 to 140 pounds,10 to 11 years,"26,28",5
Bloodhound,https://dogtime.com/dog-breeds/bloodhound,3,1,2,4,2,3,3,5,5,5,5,5,3,4,5,1,3,3,4,4,3,4,5,3,4,5,4,5,4,5,3,Hound Dogs,"1 foot, 11 inches to 2 feet, 3 inches tall at the shoulder",80 to 110 pounds,11 to 15 years,"23,27",5
Blue Lacy,https://dogtime.com/dog-breeds/blue-lacy,3,1,1,4,2,4,5,3,4,3,2,2,3,3,2,5,4,2,3,5,5,5,4,5,5,4,5,5,5,5,4,Working Dogs,17 to 25 inches,25 to 50 pounds,12 to 16 years,"17,25",4
Bluetick Coonhound,https://dogtime.com/dog-breeds/bluetick-coonhound,3,2,2,5,2,3,3,4,5,5,3,3,3,2,2,5,4,3,3,4,2,4,3,4,4,5,5,5,4,5,5,Hound Dogs,"1 foot, 11 inches to 2 feet, 6 inches tall at the shoulder",45 to 100 pounds,10 to 12 years,"23,30",4
Bocker,https://dogtime.com/dog-breeds/bocker,4,5,3,5,1,3,4,4,5,4,4,4,3,3,1,3,3,4,2,5,4,4,4,5,5,5,4,4,3,4,4,Mixed Breed Dogs,12 to 15 inches ,20 to 30 pounds ,12 to 15 years ,"12,15",2
Boerboel,https://dogtime.com/dog-breeds/boerboel,2,1,1,3,2,3,4,3,4,4,2,2,4,3,4,4,4,3,5,3,2,4,3,3,3,4,4,3,4,4,4,Working Dogs,22 to 28 inches,110 to 200 pounds,10 to 12 years,"22,28",5
Boglen Terrier,https://dogtime.com/dog-breeds/boglen-terrier,3,4,4,4,2,2,3,5,5,5,5,5,3,2,1,4,3,3,2,4,2,2,4,4,4,5,5,4,5,4,5,Mixed Breed Dogs,12 to 17 inches ,10 to 40 pounds,10 to 15 years ,"12,17",2
Bolognese,https://dogtime.com/dog-breeds/bolognese,3,5,3,5,2,2,3,5,5,5,5,5,2,1,1,1,5,3,1,4,5,4,4,5,4,1,3,3,3,4,3,Companion Dogs,9 inches to 1 foot tall at the shoulder,8 to 14 pounds,12 to 14 years,"9,12",2
Borador,https://dogtime.com/dog-breeds/borador,3,3,3,2,2,3,3,4,5,4,4,4,4,4,3,3,3,4,4,3,4,5,3,3,2,3,4,4,3,4,5,Hybrid Dogs,19 to 24 inches,40 to 65 pounds,10 to 15 years,"19,24",4
Border Collie,https://dogtime.com/dog-breeds/border-collie,3,2,2,5,1,4,4,4,5,4,3,5,3,3,1,3,2,3,3,4,5,5,3,3,2,3,5,5,3,5,5,Herding Dogs,"1 foot, 6 inches to 1 foot, 10 inches tall at the shoulder",30 to 45 pounds,12 to 15 years,"18,22",3
Border Sheepdog,https://dogtime.com/dog-breeds/border-sheepdog,3,2,3,2,2,4,2,4,5,4,3,3,3,3,1,3,4,2,3,4,4,5,4,3,4,2,4,5,3,5,4,Mixed Breed Dogs,16 to 22 inches,25 to 45 pounds,12 to 15 years,"16,22",3
Border Terrier,https://dogtime.com/dog-breeds/border-terrier,3,4,3,3,1,4,3,4,5,4,2,5,3,3,1,2,4,5,2,4,3,5,5,5,1,4,5,4,4,5,5,Terrier Dogs,10 inches to 11 inches tall at the shoulder,11 to 15 pounds,12 to 15 years,"10,11",2
Bordoodle,https://dogtime.com/dog-breeds/bordoodle,4,4,4,3,3,4,4,4,4,5,3,2,3,2,2,4,4,3,3,3,4,5,3,2,2,3,3,3,2,3,4,Mixed Breed Dogs,12 to 22 inches,30 to 60 pounds,12 to 15 years,"12,22",3
Borzoi,https://dogtime.com/dog-breeds/borzoi,4,5,3,5,1,4,3,4,4,3,4,4,4,5,1,4,4,2,5,4,3,4,3,5,2,4,2,2,2,2,3,Hound Dogs,"2 feet, 2 inches to 2 feet, 8 inches tall at the shoulder",55 to 105 pounds,10 to 12 years,"26,32",5
BoShih,https://dogtime.com/dog-breeds/boshih,3,5,4,3,1,2,2,3,4,2,3,4,3,2,1,5,3,3,2,2,2,3,1,1,2,2,3,3,2,3,5,Mixed Breed Dogs,12 to 15 inches ,10 to 20 pounds,12 to 15 years ,"12,15",2
Bossie,https://dogtime.com/dog-breeds/bossie,3,2,2,3,5,3,3,4,4,4,4,4,3,2,1,3,3,3,3,4,4,4,3,3,3,5,5,4,4,5,5,Mixed Breed Dogs,15 to 23 inches,25 to 40 pounds,12 to 15 years ,"15,23",3
Boston Boxer,https://dogtime.com/dog-breeds/boston-boxer,3,4,3,3,2,3,3,4,4,4,4,2,4,3,3,4,4,4,3,3,3,4,3,3,3,2,4,4,3,4,5,Mixed Breed Dogs,15 to 23 inches,22 to 55 pounds,12 to 15 years,"15,23",3
Boston Terrier,https://dogtime.com/dog-breeds/boston-terrier,4,5,4,5,3,3,2,5,4,5,5,4,3,2,1,5,4,3,2,3,4,4,2,2,3,5,5,4,5,4,5,Companion Dogs,"1 foot to 1 foot, 3 inches tall at the shoulder",10 to 25 pounds,13 to 15 years,"12,15",2
Bouvier des Flandres,https://dogtime.com/dog-breeds/bouvier-des-flandres,3,3,2,4,2,4,2,4,5,5,2,2,3,1,1,2,3,4,4,3,5,4,2,2,4,2,4,4,5,4,4,Herding Dogs,"1 foot, 11 inches to 2 feet, 4 inches tall at the shoulder",70 to 100 pounds,10 to 12 years,"23,28",5
Boxador,https://dogtime.com/dog-breeds/boxador,2,2,2,3,1,2,2,4,5,4,4,4,4,4,2,5,2,4,4,4,5,5,3,2,3,3,5,5,5,5,5,Mixed Breed Dogs,23 to 25 inches,50 to 110 pounds,12 to 15 years,"23,25",4
Boxer,https://dogtime.com/dog-breeds/boxer,3,4,3,4,1,2,1,4,5,4,3,4,3,4,2,5,2,4,3,3,4,4,2,3,3,3,5,5,5,5,5,Working Dogs,21 to 25 inches at the shoulder,60 to 70 pounds,10 to 12 years,"21,25",4
Boxerdoodle - Standard,https://dogtime.com/dog-breeds/boxerdoodle,3,1,3,3,2,3,3,4,4,3,4,3,3,2,2,3,3,4,3,3,4,4,2,3,2,4,4,4,4,4,5,Mixed Breed Dogs,16 to 25 inches,35 to 70 pounds,10 to 12 years,16 to 25,3
Boxerdoodle - Small,https://dogtime.com/dog-breeds/boxerdoodle,3,1,3,3,2,3,3,4,4,3,4,3,3,2,2,3,3,4,3,3,4,4,2,3,2,4,4,4,4,4,5,Mixed Breed Dogs,10 to 15 inches,12 to 35 pounds,10 to 12 years,10 to 15,2
Boxmatian,https://dogtime.com/dog-breeds/boxmatian,2,1,2,3,2,2,4,3,4,3,2,1,4,3,2,3,5,4,5,4,3,4,4,3,3,4,5,5,4,5,4,Mixed Breed Dogs,19 to 25 inches,50 to 90 pounds,10 to 13 years,19 to 25,4
Boxweiler,https://dogtime.com/dog-breeds/boxweiler,3,2,3,4,2,3,2,4,5,4,4,2,3,3,2,3,3,4,4,3,4,4,2,2,3,1,4,4,3,4,4,Mixed Breed Dogs,21 to 27 inches,70 to 100 pounds,8 to 13 years,"21,27",4
Boykin Spaniel,https://dogtime.com/dog-breeds/boykin-spaniel,3,1,3,4,3,3,4,4,5,5,4,3,3,4,1,1,2,4,3,4,4,4,4,2,3,4,5,5,5,5,4,Sporting Dogs,"1 foot, 2 inches to 1 foot, 6 inches tall at the shoulder",25 to 40 pounds,10 to 12 years,"14,18",3
Bracco Italiano,https://dogtime.com/dog-breeds/bracco-italiano,3,1,2,4,3,3,3,4,5,4,5,3,3,3,2,5,2,3,4,3,3,4,2,5,2,3,4,4,4,5,4,Sporting Dogs,22 to 26 inches,55 to 90 pounds,10 to 14 years,"22,26",4
Braque du Bourbonnais,https://dogtime.com/dog-breeds/braque-du-bourbonnais,2,1,3,3,2,2,3,4,5,4,4,4,3,2,1,4,4,1,3,3,4,4,3,4,3,2,4,5,2,5,3,Working Dogs,18 to 23 inches.,35 to 55 pounds.,12 to 15 years. ,"18,23",4
Briard,https://dogtime.com/dog-breeds/briard,3,3,3,4,3,4,3,4,4,5,5,2,2,1,1,1,3,3,4,4,4,4,2,3,4,5,4,4,4,4,4,Herding Dogs,"1 foot, 10 inches to 2 feet, 3 inches tall at the shoulder",70 to 100 pounds,10 to 12 years,"22,27",5
Brittany,https://dogtime.com/dog-breeds/brittany,3,1,3,5,1,4,3,5,5,5,5,4,4,3,5,3,4,3,3,4,3,5,3,5,3,4,5,5,3,5,5,Sporting Dogs,"1 foot, 5 inches to 1 foot, 8 inches tall at the shoulder",30 to 40 pounds,10 to 13 years,"17,20",3
Broholmer,https://dogtime.com/dog-breeds/broholmer,3,2,4,3,3,3,3,4,5,4,3,3,4,3,2,4,4,3,5,3,4,4,3,2,3,2,3,3,3,3,3,Companion Dogs,22 to 30 inches.,90 to 150 pounds. ,8 to 12 years. ,"22,30",5
Brussels Griffon,https://dogtime.com/dog-breeds/brussels-griffon,3,5,2,5,1,1,2,4,5,4,4,3,3,3,3,3,3,3,1,3,3,4,3,1,4,5,4,5,3,4,5,Companion Dogs,7 inches to 8 inches tall at the shoulder,7 to 12 pounds,12 to 15 years,"7,8",1
Bugg,https://dogtime.com/dog-breeds/bugg,3,5,4,3,2,2,3,3,4,3,2,3,3,2,2,4,4,4,2,3,3,4,4,3,4,2,3,4,3,2,4,Mixed Breed Dogs,14 to 18 inches,10 to 25 pounds,10 to 15 years,"14,18",3
Bull-Pei,https://dogtime.com/dog-breeds/bull-pei,2,4,2,3,3,1,1,2,3,2,2,2,4,4,3,4,3,4,3,2,3,2,4,2,2,1,2,2,2,2,2,Mixed Breed Dogs,16 to 18 inches,35 to 65 pounds ,9 to 11 years ,"16,18",3
Bull Terrier,https://dogtime.com/dog-breeds/bull-terrier,3,4,4,5,2,1,4,5,5,5,4,5,3,3,1,5,4,5,2,4,5,4,4,4,1,5,5,4,5,5,5,Terrier Dogs,"1 foot, 9 inches to 1 foot, 10 inches tall at the shoulder",35 to 75 pounds,10 to 15 years,"21,22",4
Bullador,https://dogtime.com/dog-breeds/bullador,2,2,2,4,2,2,2,4,4,4,4,4,4,4,4,4,3,5,4,4,4,4,2,4,4,3,4,4,4,4,4,Mixed Breed Dogs,17 to 20 inches ,50 to 90 pounds,10 to 12 years ,"17,20",3
Bullboxer Pit,https://dogtime.com/dog-breeds/bullboxer-pit,2,1,2,3,2,2,2,3,4,4,2,2,4,4,4,4,4,4,3,4,2,4,4,5,4,3,5,5,5,5,4,Mixed Breed Dogs,16 to 20 inches,50 to 80 pounds,10 to 14 years,"16,20",3
Bulldog,https://dogtime.com/dog-breeds/bulldog,3,5,4,4,3,1,1,4,5,4,2,5,4,3,5,5,4,5,2,2,3,2,2,2,4,1,3,2,3,3,4,Companion Dogs,"1 foot to 1 foot, 3 inches tall at the shoulder",40 to 50 pounds,8 to 12 years,"12,15",2
Bullmastiff,https://dogtime.com/dog-breeds/bullmastiff,3,3,2,4,2,4,2,4,5,5,4,3,4,1,5,5,2,5,5,3,3,3,3,3,4,3,4,2,4,3,5,Working Dogs,24 to 27 inches at the shoulder,100 to 130 pounds,8 to 10 years,"24,27",5
Bullmatian,https://dogtime.com/dog-breeds/bullmatian,2,2,1,3,3,2,2,4,4,5,4,3,3,2,3,4,4,4,3,3,1,4,3,3,2,3,4,5,4,4,4,Mixed Breed Dogs,11 to 24 inches,41 to 65 pounds,8 to 12 years,"11,24",3
Cairn Terrier,https://dogtime.com/dog-breeds/cairn-terrier,4,5,4,3,1,4,4,5,5,5,4,4,3,3,1,5,4,3,1,4,2,5,3,4,4,3,5,5,4,4,5,Terrier Dogs,9 inches to 10 inches tall at the shoulder,13 to 14 pounds,12 to 15 years,"9,10",2
Canaan Dog,https://dogtime.com/dog-breeds/canaan-dog,4,4,4,4,3,3,5,3,4,2,3,2,3,4,1,5,5,2,3,3,5,4,3,3,3,2,4,4,3,3,4,Herding Dogs,"1 foot, 7 inches to 2 feet tall at the shoulder",35 to 55 pounds,12 to 15 years,"19,24",4
Cane Corso,https://dogtime.com/dog-breeds/cane-corso,2,1,1,3,1,3,4,3,4,2,3,2,4,3,4,5,3,4,4,4,4,5,2,5,3,2,4,4,3,5,2,Working Dogs,"1 foot, 11 inches to 2 feet, 3 inches tall at the shoulder",90 to 120 pounds,10 to 12 years,"23,27",5
Cardigan Welsh Corgi,https://dogtime.com/dog-breeds/cardigan-welsh-corgi,4,4,4,4,3,4,3,4,5,4,3,3,3,4,1,3,4,4,2,3,4,5,2,4,2,3,3,3,3,3,4,Herding Dogs,10 inches to 1 foot tall at the shoulder,25 to 38 pounds,12 to 15 years,"10,12",2
Catahoula Bulldog,https://dogtime.com/dog-breeds/catahoula-bulldog,2,1,1,2,3,1,5,3,4,3,2,1,3,1,1,5,4,3,4,3,2,3,4,5,3,3,5,5,5,5,4,Mixed Breed Dogs,24 to 26 inches,75 to 100 pounds,10 to 14 years,"24,26",5
Catahoula Leopard Dog,https://dogtime.com/dog-breeds/catahoula-leopard-dog,2,1,1,2,2,3,3,3,5,3,1,1,3,3,1,5,3,3,4,3,2,3,3,1,3,3,4,4,3,5,2,Herding Dogs,"1 foot, 8 inches to 2 feet, 2 inches tall at the shoulder",50 to 90 pounds,10 to 14 years,"20,26",4
Caucasian Shepherd Dog,https://dogtime.com/dog-breeds/caucasian-shepherd-dog,3,2,1,2,3,5,2,3,4,2,2,2,4,4,4,2,3,4,5,3,2,4,4,3,3,2,3,2,4,2,3,Working Dogs,24 to 34 inches,80 to 220 pounds,10 to 12 years,"24,34",5
Cav-a-Jack,https://dogtime.com/dog-breeds/cav-a-jack,3,4,4,3,1,3,3,4,4,4,4,4,3,2,2,4,3,4,2,4,4,4,3,4,3,3,4,4,3,4,5,Mixed Breed Dogs,10 to 17 inches,13 to 18 pounds,12 to 17 years,"10,17",2
Cavachon,https://dogtime.com/dog-breeds/cavachon,4,5,5,5,1,3,3,5,5,5,5,5,3,2,1,2,4,4,2,3,4,4,3,4,3,2,4,4,3,4,5,Mixed Breed Dogs,12 to 13 inches ,15 to 35 pounds ,10 to 15 years ,"12,13",2
Cavador,https://dogtime.com/dog-breeds/cavador,3,3,5,4,2,3,3,4,5,5,4,3,3,3,2,4,4,4,3,3,4,4,2,3,3,3,4,4,3,4,5,Mixed Breed Dogs,18 to 24 inches,22 to 55 pounds,10 to 14 years,"18,24",4
Cavalier King Charles Spaniel,https://dogtime.com/dog-breeds/cavalier-king-charles-spaniel,4,5,5,5,1,3,2,5,5,5,5,5,3,3,1,4,4,4,2,3,4,4,3,3,3,2,4,3,2,4,5,Companion Dogs,12 to 13 inches at the shoulder,13 to 18 pounds,9 to 15 years,"12,13",2
Cavapoo,https://dogtime.com/dog-breeds/cavapoo,3,3,3,3,2,4,3,5,5,5,4,4,3,2,1,3,3,4,2,3,4,4,3,3,2,3,3,3,2,3,5,Mixed Breed Dogs,9 to 14 inches,9 to 25 pounds,12 to 15 years,"9,14",2
Cesky Terrier,https://dogtime.com/dog-breeds/cesky-terrier,4,5,4,4,3,3,3,3,5,3,2,3,3,1,1,4,5,4,2,3,4,3,3,2,3,3,3,2,3,3,5,Terrier Dogs,"10 inches to 1 foot, 1 inch tall at the shoulder",13 to 30 pounds,10 to 15 years,"10,13",2
Chabrador,https://dogtime.com/dog-breeds/chabrador,3,4,2,4,3,4,1,3,4,4,2,2,4,4,3,4,4,3,3,3,2,4,4,4,3,3,4,3,4,3,4,Mixed Breed Dogs,18 to 24 inches,45 to 80 pounds,9 to 13 years,"18,24",4
Cheagle,https://dogtime.com/dog-breeds/cheagle,3,4,4,4,1,1,2,3,5,3,3,2,3,3,1,5,3,4,2,3,2,4,3,4,4,3,4,4,4,3,4,Mixed Breed Dogs,9 to 14 inches ,9 to 20 pounds ,10 to 14 years ,"9,14",2
Chesapeake Bay Retriever,https://dogtime.com/dog-breeds/chesapeake-bay-retriever,3,1,1,3,2,4,4,3,5,3,1,1,4,5,3,5,4,4,3,3,3,4,3,3,3,4,5,5,5,5,4,Sporting Dogs,"1 foot, 9 inches to 2 feet, 2 inches tall at the shoulder",55 to 80 pounds,10 to 12 years,"21,26",4
Chi Chi,https://dogtime.com/dog-breeds/chi-chi,3,4,2,4,2,2,3,3,3,3,2,3,3,2,1,4,4,4,2,3,3,4,3,3,4,2,4,4,4,3,4,Mixed Breed Dogs,5 to 12 inches,4 to 11 pounds,11 to 20 years,"5,12",2
Chi-Poo,https://dogtime.com/dog-breeds/chi-poo,4,5,5,5,4,2,3,4,5,5,3,3,2,2,1,3,2,3,2,4,5,5,3,3,3,3,3,3,2,2,4,Mixed Breed Dogs,5 to 15 inches ,5 to 20 pounds ,12 to 15 years ,"5,15",2
Chigi,https://dogtime.com/dog-breeds/chigi,3,3,4,5,2,3,2,4,5,5,2,2,3,4,1,5,3,3,1,3,4,4,2,3,2,3,4,4,4,4,4,Mixed Breed Dogs,7 to 12 inches,10 to 20 pounds,12 to 14 years ,"7,12",2
Chihuahua,https://dogtime.com/dog-breeds/chihuahua,3,5,4,5,1,1,2,4,5,5,2,2,2,2,1,5,2,3,1,3,4,4,3,3,3,2,3,3,2,1,4,Companion Dogs,6 inches to 9 inches tall at the shoulder,3 to 6 pounds,10 to 18 years,"6,9",1
Chilier,https://dogtime.com/dog-breeds/chilier,3,4,2,4,2,2,2,4,4,4,4,3,3,2,3,4,4,3,2,3,2,4,3,3,3,2,4,4,4,3,4,Mixed Breed Dogs,8 to 12 inches,6 to 12 pounds,12 to 16 years,"8,12",2
Chinese Crested,https://dogtime.com/dog-breeds/chinese-crested,3,5,3,5,1,1,3,4,4,5,4,4,2,2,1,2,5,2,2,3,4,3,4,3,3,1,2,2,1,2,3,Companion Dogs,"11 inches to 1 foot, 1 inch tall at the shoulder",Up to 12 pounds,10 to 14 years,"11,13",2
Chinese Shar-Pei,https://dogtime.com/dog-breeds/chinese-shar-pei,3,4,2,2,4,2,1,2,2,2,1,2,3,5,2,5,1,4,3,3,3,2,5,2,5,2,2,2,1,3,1,Working Dogs,"1 foot, 6 inches to 1 foot, 8 inches tall at the shoulder",40 to 55 pounds,8 to 12 years,"18,20",3
Chinook,https://dogtime.com/dog-breeds/chinook,3,4,1,5,1,5,4,5,5,5,5,4,3,5,1,2,4,3,4,3,4,5,3,2,2,2,3,3,3,3,4,Working Dogs,"1 foot, 9 inches to 2 feet, 3 inches tall at the shoulder",55 to 70 pounds,12 to 15 years,"21,27",4
Chion,https://dogtime.com/dog-breeds/chion,3,4,3,3,2,2,3,3,5,3,3,2,3,2,2,3,4,4,2,3,3,3,4,3,4,1,3,4,3,2,4,Mixed Breed Dogs,5 to 11 inches,4 to 11 pounds,10 to 15 years,"5,11",1
Chipin,https://dogtime.com/dog-breeds/chipin,3,5,4,5,1,1,2,3,5,4,2,2,3,2,1,5,3,4,1,3,4,3,2,3,2,3,4,4,3,2,5,Mixed Breed Dogs,8 to 12 inches ,5 to 15 pounds ,10 to 14 years ,"8,12",2
Chiweenie,https://dogtime.com/dog-breeds/chiweenie,3,5,3,4,2,1,4,3,4,2,3,2,3,1,1,5,3,4,1,3,2,4,2,3,5,2,4,4,2,4,5,Mixed Breed Dogs,6 to 10 inches,5 to 12 pounds,12 to 16 years,"6,10",1
Chorkie,https://dogtime.com/dog-breeds/chorkie,3,5,5,5,1,1,2,3,4,3,3,2,2,2,1,3,3,2,1,3,3,3,2,2,4,2,4,4,3,3,5,Mixed Breed Dogs,6 to 9 inches ,8 to 15 pounds ,12 to 15 years ,"6,10",1
Chow Chow,https://dogtime.com/dog-breeds/chow-chow,3,3,2,2,5,5,2,1,2,1,1,1,3,1,3,1,2,4,4,2,2,1,5,2,1,2,2,2,2,2,1,Working Dogs,"1 foot, 5 inches to 1 foot, 8 inches tall at the shoulder",40 to 70 pounds,12 to 15 years,"17,20",3
Chow Shepherd,https://dogtime.com/dog-breeds/chow-shepherd,3,3,2,4,2,5,4,3,3,3,2,2,3,5,2,1,3,2,4,3,3,3,3,3,2,3,5,5,4,5,4,Mixed Breed Dogs,22 to 26 inches,45 to 90 pounds ,12 to 15 years ,"22,26",4
Chug,https://dogtime.com/dog-breeds/chug,3,5,3,3,3,2,3,4,5,4,3,3,3,4,2,4,4,4,1,3,3,3,3,2,2,2,4,4,3,3,4,Mixed Breed Dogs,10 to 14 inches,10 to 20 pounds,10 to 13,"10,14",2
Chusky,https://dogtime.com/dog-breeds/chusky,3,2,2,3,3,5,2,4,4,4,3,3,3,5,2,2,3,3,3,3,3,4,3,3,4,2,4,4,3,4,4,Mixed Breed Dogs,18 to 23 inches,40 to 65 pounds,10 to 13 years,"18,23",4
Cirneco dell’Etna,https://dogtime.com/dog-breeds/cirneco-delletna,3,4,3,3,3,3,3,4,5,5,4,3,3,2,1,4,5,2,3,3,3,3,2,4,3,1,3,4,2,3,4,Companion Dogs,17 to 20 inches,17 to 26 pounds,12 to 14 years,"17,20",3
Clumber Spaniel,https://dogtime.com/dog-breeds/clumber-spaniel,4,5,5,4,2,5,2,4,5,3,4,3,4,5,5,1,2,5,3,4,4,3,5,5,1,4,3,3,1,2,5,Sporting Dogs,"1 foot, 5 inches to 1 foot, 8 inches tall at the shoulder",55 to 85 pounds,12 to 12 years,"17,20",3
Cockalier,https://dogtime.com/dog-breeds/cockalier,3,4,4,4,2,2,2,4,5,5,4,3,3,2,1,4,4,3,2,3,4,4,2,3,2,2,4,4,2,4,5,Mixed Breed Dogs,12 to 15 inches,10 to 28 pounds,12 to 15 years,"12,15",2
Cockapoo - Standard,https://dogtime.com/dog-breeds/cockapoo,4,4,5,4,3,4,4,5,5,4,5,4,2,1,1,3,2,3,2,3,4,4,2,3,2,3,4,3,3,3,5,Hybrid Dogs,15 to 18 inches,25 to 35 pounds,12 to 15 years,"15,18",3
Cockapoo - Small,https://dogtime.com/dog-breeds/cockapoo,4,4,5,4,3,4,4,5,5,4,5,4,2,1,1,3,2,3,2,3,4,4,2,3,2,3,4,3,3,3,5,Hybrid Dogs,12 to 15 inches,15 to 25 pounds,12 to 15 years,12 to 15,2
Cockapoo - Tiny,https://dogtime.com/dog-breeds/cockapoo,4,4,5,4,3,4,4,5,5,4,5,4,2,1,1,3,2,3,2,3,4,4,2,3,2,3,4,3,3,3,5,Hybrid Dogs,10 to 12 inches,10 to 14 pounds,12 to 15 years,10 to 12,2
Cocker Spaniel,https://dogtime.com/dog-breeds/cocker-spaniel,4,5,3,5,1,4,3,4,5,3,4,3,3,3,1,1,4,4,2,4,5,4,4,5,3,4,3,4,2,3,4,Sporting Dogs,"1 foot, 2 inches to 1 foot, 3 inches tall at the shoulder",24 to 28 pounds,12 to 15 years,"14,15",2
Collie,https://dogtime.com/dog-breeds/collie,4,3,4,5,2,4,3,5,5,5,4,4,3,5,1,2,3,3,3,3,4,4,3,4,4,1,3,3,2,3,4,Herding Dogs,"1 foot, 10 inches to 2 feet, 2 inches tall at the shoulder",50 to 70 pounds,10 to 14 years,"22,26",4
Corgi Inu,https://dogtime.com/dog-breeds/corgi-inu,3,4,3,3,3,4,2,3,3,3,3,2,3,5,2,2,3,3,2,3,4,4,3,3,3,2,4,4,3,4,4,Mixed Breed Dogs,9 to 15 inches,17 to 27 pounds,12 to 15 years,"9,15",2
Corgidor,https://dogtime.com/dog-breeds/corgidor,3,3,2,4,3,3,3,4,5,4,3,4,4,5,2,4,4,4,3,3,4,5,3,3,2,3,4,5,3,4,5,Mixed Breed Dogs,12 to 23 inches ,40 to 55 pounds ,10 to 15 years ,"12,23",3
Corman Shepherd,https://dogtime.com/dog-breeds/corman-shepherd,3,2,2,3,3,4,3,4,4,4,4,3,3,5,2,3,3,4,3,3,4,5,3,3,3,2,4,4,3,4,4,Mixed Breed Dogs,12 to 15 inches,20 to 70 pounds,10 to 15 years,"12,15",2
Coton de Tulear,https://dogtime.com/dog-breeds/coton-de-tulear,4,5,4,5,1,3,3,5,5,5,5,5,2,1,1,2,5,3,1,3,3,4,3,1,2,3,3,3,2,3,5,Companion Dogs,8 inches to 1 foot tall at the shoulder,8 to 13 pounds,Starts at 14 years,"9,12",2
Curly-Coated Retriever,https://dogtime.com/dog-breeds/curly-coated-retriever,3,1,3,3,3,4,4,4,5,5,4,3,3,3,2,3,2,3,3,4,4,5,5,5,3,4,4,5,3,4,5,Sporting Dogs,"1 foot, 11 inches to 2 feet, 3 inches tall at the shoulder",65 to 100 pounds,9 to 12 years,"23,27",5
Dachsador,https://dogtime.com/dog-breeds/dachsador,3,4,2,3,2,3,3,4,4,4,3,4,3,2,1,4,4,4,2,3,3,4,2,4,2,4,4,4,3,4,4,Mixed Breed Dogs,15 to 25 inches,30 to 40 pounds,12 to 14 years,"15,25",4
Dachshund,https://dogtime.com/dog-breeds/dachshund,3,5,4,4,3,1,3,3,4,5,3,1,3,3,1,3,2,5,1,4,2,4,4,5,5,5,3,3,3,3,4,Hound Dogs,8 inches to 9 inches tall at the shoulder,16 to 32 pounds,12 to 15 years,"8,9",1
Dalmatian,https://dogtime.com/dog-breeds/dalmatian,3,2,3,4,3,3,4,4,5,4,4,3,4,5,1,5,4,4,3,3,4,4,2,2,2,4,5,5,4,5,4,Companion Dogs,"1 foot, 7 inches to 2 feet tall at the shoulder",48 to 55 pounds,13 to 16 years,"19,24",4
Dandie Dinmont Terrier,https://dogtime.com/dog-breeds/dandie-dinmont-terrier,3,4,4,3,2,3,3,4,5,4,3,3,2,3,1,2,3,4,1,3,2,3,3,4,2,3,3,3,3,2,4,Terrier Dogs,8 inches to 11 inches tall at the shoulder,18 to 24 pounds,12 to 15 years,"8,11",2
Daniff,https://dogtime.com/dog-breeds/daniff,3,2,2,3,1,4,3,4,5,4,4,3,3,2,4,1,3,3,5,3,4,4,2,2,1,2,4,3,4,4,4,Mixed Breed Dogs,27 to 33 inches,115 to 190 pounds,8 to 12 years,"27,33",5
Deutscher Wachtelhund,https://dogtime.com/dog-breeds/deutscher-wachtelhund,3,3,3,2,2,4,3,4,5,4,4,3,3,3,2,3,5,2,4,3,4,4,3,4,3,2,4,4,3,4,4,Sporting Dogs,18 to 21 inches,40 to 55 pounds,12 to 14 years,"18,21",4
Doberdor,https://dogtime.com/dog-breeds/doberdor,2,1,1,3,2,2,4,3,3,3,3,1,3,1,2,4,4,4,5,3,1,4,3,4,4,4,5,5,4,5,4,Mixed Breed Dogs,24 to 28 inches,60 to 100 pounds,10 to 14 years,"24,28",5
Doberman Pinscher,https://dogtime.com/dog-breeds/doberman-pinscher,3,3,3,5,2,1,4,3,5,3,1,3,4,4,4,5,1,3,4,3,5,5,2,1,1,2,4,3,3,3,5,Working Dogs,24 to 28 inches tall at the shoulder,60 to 80 pounds,10 to 13 years,"24,28",5
Docker,https://dogtime.com/dog-breeds/docker,3,3,2,4,2,3,3,3,5,3,3,2,3,3,2,3,3,3,2,4,3,4,5,5,4,5,3,3,3,3,4,Mixed Breed Dogs,9 to 15 inches ,20 to 30 Pounds ,12 to 14 Years,"9,15",2
Dogo Argentino,https://dogtime.com/dog-breeds/dogo-argentino,2,1,1,3,2,2,4,3,4,2,2,2,3,1,3,4,3,2,4,3,2,3,2,5,2,4,4,4,4,4,3,Sporting Dogs,23 to 27 inches,80 to 100 pounds,9 to 15 years,"23,27",4
Dogue de Bordeaux,https://dogtime.com/dog-breeds/dogue-de-bordeaux,3,5,1,4,2,3,2,3,5,5,1,1,4,3,5,5,2,4,4,3,2,3,4,4,2,1,3,2,2,5,3,Working Dogs,"1 foot, 11 inches to 2 feet, 3 inches tall at the shoulder",Starts at 100 pounds,8 to 12 years,"23,27",5
Dorgi,https://dogtime.com/dog-breeds/dorgi,3,4,4,3,1,4,3,4,4,4,4,3,3,2,2,4,4,4,2,3,3,4,4,3,3,3,4,4,4,4,5,Mixed Breed Dogs,9 to 12 inches,15 to 28 pounds,12 to 15 years,"9,12",2
Dorkie,https://dogtime.com/dog-breeds/dorkie,3,5,4,4,2,2,2,4,4,4,4,4,2,3,1,2,2,2,1,3,3,4,2,3,2,2,2,2,2,2,3,Mixed Breed Dogs,5 to 10 inches,5 to 12 pounds,13 to 16 years,"5,10",1
Doxiepoo,https://dogtime.com/dog-breeds/doxiepoo,3,5,3,4,2,3,3,3,5,2,1,3,2,3,3,2,4,2,2,4,3,5,3,4,5,4,4,4,4,4,5,Mixed Breed Dogs,8 to 23 inches,5 to 30 pounds,10 to 15 years,"8,23",3
Doxle,https://dogtime.com/dog-breeds/doxle,3,2,4,4,1,2,4,5,5,4,5,4,4,5,1,4,4,4,3,4,3,4,3,5,5,5,5,5,4,5,5,Mixed Breed Dogs,5 to 15 inches,11 to 30 pounds,12 to 14 years,"5,15",2
Drentsche Patrijshond,https://dogtime.com/dog-breeds/drentsche-patrijshond,3,3,2,4,3,4,3,4,5,4,4,3,3,4,3,3,4,2,3,3,2,4,3,4,2,1,4,5,3,4,4,Working Dogs,21 to 25 inches,40 to 60 pounds,11 to 14 years old,"21,25",4
Drever,https://dogtime.com/dog-breeds/drever,3,4,3,2,2,2,3,4,5,5,4,3,3,3,2,3,5,3,3,3,3,4,4,3,4,2,4,5,3,4,4,Hound Dogs,12 to 16 inches,35 to 40 pounds,12 to 15 years,"12,16",2
Dutch Shepherd,https://dogtime.com/dog-breeds/dutch-shepherd,3,3,3,3,2,4,4,4,4,4,4,2,3,4,2,3,4,2,3,3,5,4,2,3,2,2,4,4,3,4,4,Herding Dogs,21 to 25 inches,50 to 70 pounds,12 to 15 years,"21,25",4
English Cocker Spaniel,https://dogtime.com/dog-breeds/english-cocker-spaniel,4,5,4,5,1,4,3,5,5,5,5,5,3,3,1,3,4,5,2,4,4,5,3,5,4,4,4,5,3,4,5,Sporting Dogs,"1 foot, 3 inches to 1 foot, 5 inches tall at the shoulder",26 to 34 pounds,12 to 14 years,"15,17",3
English Foxhound,https://dogtime.com/dog-breeds/english-foxhound,3,1,2,3,4,3,3,4,4,4,5,3,3,3,1,5,4,2,3,4,3,3,4,5,4,5,5,5,4,5,5,Hound Dogs,"2 feet, 1 inch to 2 feet, 3 inches tall at the shoulder",55 to 75 pounds,10 to 13 years,"25,27",5
English Setter,https://dogtime.com/dog-breeds/english-setter,3,1,3,4,1,4,3,5,5,5,5,5,3,3,2,3,3,5,3,4,3,5,4,5,4,5,4,4,2,5,5,Sporting Dogs,"1 foot, 11 inches to 2 feet, 3 inches tall at the shoulder",45 to 80 pounds,11 to 15 years,"23,27",5
English Springer Spaniel,https://dogtime.com/dog-breeds/english-springer-spaniel,3,1,3,4,1,3,4,5,5,5,5,4,3,3,1,2,3,3,3,4,5,5,3,5,3,4,5,5,3,5,5,Sporting Dogs,"1 foot, 6 inches to 1 foot, 10 inches tall at the shoulder",45 to 55 pounds,9 to 15 years,"18,22",4
English Toy Spaniel,https://dogtime.com/dog-breeds/english-toy-spaniel,3,4,4,4,1,2,2,4,5,1,4,4,3,5,2,4,2,3,2,3,3,3,4,4,3,2,3,3,3,2,4,Companion Dogs,10 inches to 11 inches tall at the shoulder,8 to 14 pounds,10 to 12 years,"10,11",2
Entlebucher Mountain Dog,https://dogtime.com/dog-breeds/entlebucher-mountain-dog,3,1,2,4,3,4,2,4,5,5,3,2,3,3,1,5,3,3,3,4,3,4,4,4,5,3,5,5,4,5,5,Herding Dogs,"1 foot, 4 inches to 1 foot, 8 inches tall at the shoulder",45 to 65 pounds,10 to 13 years,"16,20",3
Estrela Mountain Dog,https://dogtime.com/dog-breeds/estrela-mountain-dog,3,1,3,2,3,4,3,4,5,5,3,2,3,4,3,2,4,3,4,3,4,5,2,1,3,1,3,3,3,3,3,Herding Dogs,24 to 30 inches,75 to 130 pounds,11 to 15 years,"24,30",5
Eurasier,https://dogtime.com/dog-breeds/eurasier,3,4,3,2,1,4,3,4,3,5,4,2,3,4,3,3,4,2,4,2,4,4,2,1,2,1,3,3,2,3,3,Companion Dogs,20 to 24 Inches,40 to 71 lbs,12 to 14 years,"20,24",4
Field Spaniel,https://dogtime.com/dog-breeds/field-spaniel,3,1,3,4,1,3,4,5,5,5,4,4,3,3,1,4,3,4,2,4,5,5,3,4,2,5,5,5,3,5,5,Sporting Dogs,"1 foot, 4 inches to 1 foot, 7 inches tall at the shoulder",37 to 45 pounds,10 to 12 years,"16,19",3
Finnish Lapphund,https://dogtime.com/dog-breeds/finnish-lapphund,4,4,4,4,2,5,2,5,5,5,5,4,3,3,1,4,4,4,3,4,5,5,4,4,3,4,5,5,5,4,5,Herding Dogs,"1 foot, 5 inches to 1 foot, 8 inches tall at the shoulder",33 to 53 pounds,12 to 15 years,"17,20",3
Finnish Spitz,https://dogtime.com/dog-breeds/finnish-spitz,3,3,3,3,1,5,3,5,5,5,5,3,3,4,1,2,4,3,3,4,3,4,3,3,5,4,5,5,4,5,5,Sporting Dogs,"1 foot, 3 inches to 1 foot, 8 inches tall at the shoulder",20 to 35 pounds,12 to 15 years,"15,20",3
Flat-Coated Retriever,https://dogtime.com/dog-breeds/flat-coated-retriever,3,1,2,5,1,4,4,5,5,5,5,5,3,3,2,4,4,4,3,4,4,5,3,3,4,4,5,5,4,5,5,Sporting Dogs,"1 foot, 10 inches to 2 feet tall at the shoulder",55 to 70 pounds,10 to 12 years,"22,24",4
Fox Terrier - Standard,https://dogtime.com/dog-breeds/fox-terrier,3,3,3,3,3,3,4,4,4,4,3,3,2,2,1,2,4,2,2,4,5,5,3,5,3,3,5,5,5,5,5,Terrier Dogs,14 to 16 inches,15 to 19 pounds,10 to 15 years,"14,16",3
Fox Terrier - Small,https://dogtime.com/dog-breeds/fox-terrier,3,3,3,3,3,3,4,4,4,4,3,3,2,2,1,2,4,2,2,4,5,5,3,5,3,3,5,5,5,5,5,Terrier Dogs,8 to 14 inches,8 to 12 pounds,10 to 15 years,"8,14",2
French Bulldog,https://dogtime.com/dog-breeds/french-bulldog,3,5,5,3,1,2,1,4,5,4,4,4,3,3,1,5,2,4,2,3,4,3,3,2,3,2,4,3,4,2,5,Companion Dogs,11 inches to 1 foot tall at the shoulder,16 to 28 pounds,11 to 14 years,"11,12",2
French Spaniel,https://dogtime.com/dog-breeds/french-spaniel,3,2,4,4,3,4,2,4,5,4,4,4,3,3,2,3,4,2,3,3,4,4,2,3,2,2,4,5,3,4,4,Sporting Dogs,21 to 24 inches.,45 to 60 pounds.,10 to 12 years.,"21,24",4
Frenchton,https://dogtime.com/dog-breeds/frenchton,4,5,5,3,2,3,3,5,5,5,5,5,3,4,3,5,4,2,2,3,4,4,2,2,3,3,4,3,3,3,5,Mixed Breed Dogs,11 to 14 inches,15 to 25 pounds,12 to 15 years,"11,14",2
Frengle,https://dogtime.com/dog-breeds/frengle,3,4,4,4,3,2,2,5,5,5,4,4,3,3,1,5,4,4,3,3,3,4,3,3,2,3,4,4,3,4,5,Mixed Breed Dogs,8 to 15 inches,18 to 30 pounds,10 to 15 years,"8,15",2
German Pinscher,https://dogtime.com/dog-breeds/german-pinscher,3,3,3,4,3,3,4,3,5,3,2,2,3,3,1,5,4,3,3,4,4,5,3,5,3,4,5,5,3,5,5,Working Dogs,17 to 20 inches tall at the shoulder,25 to 45 pounds,12 to 14 years,"17,20",3
German Shepherd Dog,https://dogtime.com/dog-breeds/german-shepherd-dog,3,3,2,5,2,4,3,4,5,5,2,4,4,5,1,5,4,2,4,4,5,5,5,4,4,2,5,5,5,5,5,Herding Dogs,"1 foot, 10 inches to 2 feet, 2 inches tall at the shoulder",75 to 95 pounds,10 to 14 years,"22,26",4
German Shepherd Pit Bull,https://dogtime.com/dog-breeds/german-shepherd-pit-bull,2,1,1,4,1,3,3,5,5,5,4,4,4,5,1,5,4,4,4,4,5,5,5,4,4,3,5,5,5,5,5,Mixed Breed Dogs,17 to 26 inches ,30 to 90 pounds ,10 to 12 years ,"17,26",4
German Sheprador,https://dogtime.com/dog-breeds/german-sheprador,3,2,1,5,2,4,4,5,5,5,4,4,4,5,2,5,3,3,4,4,5,5,5,3,2,2,5,5,5,5,5,Mixed Breed Dogs,20 to 27 inches ,60 to 95 pounds ,10 to 12 years ,"20,27",4
German Shorthaired Pointer,https://dogtime.com/dog-breeds/german-shorthaired-pointer,2,1,2,4,1,2,4,4,5,5,4,3,3,2,2,5,3,3,3,5,5,5,4,5,3,5,5,5,3,5,5,Sporting Dogs,"1 foot, 9 inches to 2 feet, 1 inch tall at the shoulder",45 to 70 pounds,12 to 15 years,"21,25",4
German Spitz,https://dogtime.com/dog-breeds/german-spitz,3,4,2,3,3,3,2,4,5,4,3,3,3,4,1,2,4,4,1,4,2,4,4,5,4,2,4,5,3,4,4,Companion Dogs,12 to 15 inches,21 to 29 pounds,13 to 15 years,"12,15",2
German Wirehaired Pointer,https://dogtime.com/dog-breeds/german-wirehaired-pointer,3,2,3,4,2,3,4,3,5,3,3,2,3,2,2,4,4,3,4,4,4,5,4,4,3,5,5,5,4,5,5,Sporting Dogs,"1 foot, 10 inches to 2 feet, 2 inches tall at the shoulder",60 to 70 pounds,12 to 14 years,"22,26",4
Giant Schnauzer,https://dogtime.com/dog-breeds/giant-schnauzer,2,1,1,4,2,4,2,3,5,3,3,2,3,4,1,2,4,3,4,4,5,4,3,4,4,4,4,5,2,5,5,Working Dogs,23 to 27 inches tall at the shoulder,55 to 80 pounds,10 to 12 years,"23,27",5
Glen of Imaal Terrier,https://dogtime.com/dog-breeds/glen-of-imaal-terrier,3,4,2,3,3,3,4,4,5,5,2,3,3,1,1,5,5,3,1,4,4,4,3,5,4,3,4,4,5,4,4,Terrier Dogs,"1 foot to 1 foot, 2 inches tall at the shoulder",Up to 35 pounds,12 to 15 years,"12,14",2
Goberian,https://dogtime.com/dog-breeds/goberian,3,1,2,3,2,5,2,4,4,4,4,2,3,2,1,5,4,4,4,3,2,5,3,4,2,4,5,5,4,5,4,Mixed Breed Dogs,20 to 24 inches,45 to 90 pounds,10 to 15 years,"20,24",4
Goldador,https://dogtime.com/dog-breeds/goldador,4,2,4,3,4,5,4,5,5,5,5,5,3,3,2,4,4,3,4,3,4,5,2,1,1,4,5,5,5,5,5,Hybrid Dogs,"1 foot, 10 inches to 2 feet tall at the shoulder",60 to 80 pounds,10 to 15 years,"22,24",4
Golden Cocker Retriever,https://dogtime.com/dog-breeds/golden-cocker-retriever,3,1,4,4,1,2,4,4,5,4,4,3,3,4,1,4,4,4,3,3,4,4,2,2,3,4,4,5,2,4,5,Mixed Breed Dogs,20 to 24 inches,30 to 45 pounds,12 to 15 years,"20,24",4
Golden Mountain Dog,https://dogtime.com/dog-breeds/golden-mountain-dog,2,1,2,2,2,5,1,4,5,5,4,3,4,4,4,2,3,4,5,3,4,4,2,2,3,4,4,4,2,5,5,Mixed Breed Dogs,24 to 28 inches,75 to 120 pounds,9 to 15 years,"24,28",5
Golden Retriever,https://dogtime.com/dog-breeds/golden-retriever,3,2,3,5,1,3,3,5,5,5,5,5,4,5,4,2,2,5,3,4,5,5,5,3,3,2,4,5,2,5,5,Sporting Dogs,"1 foot, 9 inches to 2 feet tall at the shoulder",55 to 75 pounds,10 to 12 years,"21,24",4
Golden Retriever Corgi,https://dogtime.com/dog-breeds/golden-retriever-corgi,3,3,4,3,3,3,3,5,5,5,4,4,3,4,3,3,3,4,3,3,4,4,3,2,3,2,4,4,3,3,5,Mixed Breed Dogs,10 to 18 inches,30 to 75 pounds,10 to 13 years,"10,18",3
Golden Shepherd,https://dogtime.com/dog-breeds/golden-shepherd,3,2,2,5,1,5,4,5,5,5,3,5,3,5,2,2,3,3,5,4,5,5,5,3,3,2,5,5,3,5,5,Mixed Breed Dogs,20 to 26 inches,55 to 85 pounds ,10 to 14 years,"20,26",4
Goldendoodle,https://dogtime.com/dog-breeds/goldendoodle,3,1,4,4,3,3,3,5,5,5,5,4,3,2,1,4,3,3,4,3,4,5,1,1,3,3,4,4,3,5,5,Hybrid Dogs,"1 foot, 8 inches to 2 feet tall at the shoulder",50 to 90 pounds,10 to 15 years,"20,24",5
Gollie,https://dogtime.com/dog-breeds/gollie,3,1,4,3,2,3,3,5,5,5,4,4,3,4,2,3,3,4,3,3,4,4,2,2,2,4,4,5,3,4,5,Mixed Breed Dogs,22 to 26 inches,50 to 75 pounds,12 to 15 years,"22,26",4
Gordon Setter,https://dogtime.com/dog-breeds/gordon-setter,3,2,3,4,1,4,3,3,5,3,2,3,3,5,3,2,4,3,3,4,5,5,3,4,5,4,4,5,2,5,5,Sporting Dogs,"1 foot, 11 inches to 2 feet, 3 inches tall at the shoulder",45 to 80 pounds,10 to 12 years,"23,27",5
Great Dane,https://dogtime.com/dog-breeds/great-dane,2,1,1,5,1,2,3,5,5,5,5,5,4,5,4,5,4,2,5,3,5,3,2,3,4,3,5,5,5,5,5,Working Dogs,26 to 34 inches tall at the shoulder,100 to 200 pounds,7 to 10 years,"26,34",5
Great Pyrenees,https://dogtime.com/dog-breeds/great-pyrenees,3,1,1,4,3,5,3,4,5,4,4,3,4,5,2,4,2,4,5,4,1,4,2,5,5,5,5,5,5,5,4,Working Dogs,"2 feet, 1 inch to 2 feet, 8 inches tall at the shoulder",85 to 160 pounds,10 to 12 years,"25,32",5
Greater Swiss Mountain Dog,https://dogtime.com/dog-breeds/greater-swiss-mountain-dog,3,1,2,4,3,5,1,5,5,5,5,3,3,3,1,5,2,4,5,3,3,3,3,4,4,3,4,5,4,3,5,Working Dogs,23 to 28 inches tall at the shoulder,85 to 140 pounds,7 to 9 years,"23,28",5
Greyador,https://dogtime.com/dog-breeds/greyador,3,3,2,5,1,1,3,5,5,5,5,5,5,5,4,5,4,5,4,4,3,5,5,4,4,4,4,4,4,4,4,Mixed Breed Dogs,21 to 27 inches,50 to 80 pounds ,11 to 13 years,"21,27",4
Greyhound,https://dogtime.com/dog-breeds/greyhound,3,4,2,5,1,1,5,5,5,5,4,5,5,4,5,5,4,5,4,4,5,5,4,5,2,5,4,5,3,5,4,Hound Dogs,"2 feet, 1 inch to 2 feet, 6 inches tall at the shoulder",50 to 85 pounds,12 to 15 years,"25,30",5
Hamiltonstovare,https://dogtime.com/dog-breeds/hamiltonstovare,3,3,2,4,3,3,3,4,5,4,3,3,3,1,1,4,4,3,3,3,3,4,2,5,3,2,4,5,3,4,4,Hound Dogs,19 to 24 inches,40 to 75 pounds,14 to 17 years,"19,24",4
Hanoverian Scenthound,https://dogtime.com/dog-breeds/hanoverian-scenthound,3,2,1,4,3,3,3,4,5,5,4,3,3,2,1,4,4,3,4,3,2,4,2,4,3,2,4,4,3,4,4,Working Dogs,19 to 22 inches,80 to 100 pounds,12 to 14 years,"19,22",4
Harrier,https://dogtime.com/dog-breeds/harrier,3,1,3,2,3,3,4,5,4,5,5,5,3,3,1,5,5,3,3,4,2,4,3,4,4,5,5,5,4,5,5,Hound Dogs,"1 foot, 7 inches to 1 foot, 9 inches tall at the shoulder",45 to 60 pounds,10 to 12 years,"19,21",4
Havanese,https://dogtime.com/dog-breeds/havanese,4,5,5,4,1,3,4,5,5,4,5,5,2,2,1,1,3,4,2,3,5,4,3,4,2,2,3,3,2,3,5,Companion Dogs,8 inches to 11 inches tall at the shoulder,7 to 13 pounds,12 to 15 years,"8,11",2
Hokkaido,https://dogtime.com/dog-breeds/hokkaido,3,3,2,2,3,5,2,4,4,4,3,3,3,4,2,1,5,3,3,3,3,4,3,4,3,3,3,3,2,3,3,Working Dogs,18 to 22 Inches,45 to 65 Pounds,11 to 13 Years,"18,22",3
Horgi,https://dogtime.com/dog-breeds/horgi,3,2,2,4,2,4,3,5,5,5,4,5,3,4,2,3,3,3,2,4,4,4,4,4,3,3,4,4,3,4,4,Mixed Breed Dogs,12 to 15 inches ,20 to 50 pounds,12 to 15 years ,"12,15",2
Huskita,https://dogtime.com/dog-breeds/huskita,3,2,1,4,1,5,3,3,5,2,2,3,3,4,3,1,4,3,4,4,2,3,3,4,5,5,5,4,4,5,5,Mixed Breed Dogs,22 to 25 inches ,50 to 75 pounds ,10 to 13 years,"22,25",4
Huskydoodle - Standard,https://dogtime.com/dog-breeds/huskydoodle,3,2,2,3,2,4,3,4,4,4,4,3,3,3,2,3,4,4,3,3,3,5,3,4,2,2,5,5,4,5,4,Mixed Breed Dogs,20 to 25 inches,35 to 60 pounds,10 to 14 years,"20,25",4
Huskydoodle - Small,https://dogtime.com/dog-breeds/huskydoodle,3,2,2,3,2,4,3,4,4,4,4,3,3,3,2,3,4,4,3,3,3,5,3,4,2,2,5,5,4,5,4,Mixed Breed Dogs,12 to 20 inches,15 to 35 pounds,10 to 14 years,"12,20",3
Ibizan Hound,https://dogtime.com/dog-breeds/ibizan-hound,3,5,3,4,2,1,4,5,5,5,5,4,3,3,1,5,4,1,3,4,3,4,3,5,2,5,5,5,3,5,5,Hound Dogs,"1 foot, 10 inches to 2 feet, 3 inches tall at the shoulder",45 to 50 pounds,10 to 14 years,"22,27",5
Icelandic Sheepdog,https://dogtime.com/dog-breeds/icelandic-sheepdog,3,1,1,3,2,5,3,3,4,4,2,2,3,5,1,1,3,3,3,3,3,4,3,4,1,4,4,4,5,4,4,Herding Dogs,"1 foot, 4 inches to 1 foot, 6 inches tall at the shoulder",20 to 30 pounds,14 to 15 years,"16,18",3
Irish Red and White Setter,https://dogtime.com/dog-breeds/irish-red-and-white-setter,3,1,3,4,1,4,3,4,5,4,4,4,2,3,1,3,2,2,3,4,4,4,4,3,3,4,5,5,5,5,5,Sporting Dogs,"1 foot, 10 inches to 2 feet, 2 inches tall at the shoulder",50 to 70 pounds,10 to 14 years,"22,26",5
Irish Setter,https://dogtime.com/dog-breeds/irish-setter,3,1,3,4,2,4,3,5,5,5,5,5,3,4,2,3,2,3,4,5,4,5,5,5,4,5,5,5,3,5,5,Sporting Dogs,"2 feet, 1 inch to 2 feet, 3 inches tall at the shoulder",60 to 70 pounds,11 to 15 years,"25,27",5
Irish Terrier,https://dogtime.com/dog-breeds/irish-terrier,3,3,2,3,2,4,4,4,5,5,1,3,3,4,1,2,5,3,3,3,1,4,1,2,4,3,5,5,4,4,5,Terrier Dogs,"1 foot, 6 inches to 1 foot, 8 inches tall at the shoulder",25 to 27 pounds,12 to 16 years,"18,20",3
Irish Water Spaniel,https://dogtime.com/dog-breeds/irish-water-spaniel,3,3,2,4,3,4,4,5,5,5,4,5,2,1,2,3,2,3,3,4,5,4,3,5,4,3,4,5,3,5,4,Sporting Dogs,"1 foot, 9 inches to 2 feet tall at the shoulder",45 to 65 pounds,10 to 12 years,"21,24",4
Irish Wolfhound,https://dogtime.com/dog-breeds/irish-wolfhound,2,1,2,3,2,4,2,5,5,5,5,5,3,3,1,3,1,3,5,3,3,4,3,5,1,3,3,2,2,4,4,Hound Dogs,"2 feet, 8 inches to 2 feet, 11 inches tall at the shoulder",115 to 180 pounds,6 to 8 years,"32,35",5
Italian Greyhound,https://dogtime.com/dog-breeds/italian-greyhound,3,5,5,5,1,1,3,5,5,5,4,4,3,2,1,5,3,2,2,4,3,3,4,5,3,3,4,4,2,4,4,Companion Dogs,"1 foot, 1 inch to 1 foot, 3 inches tall at the shoulder",6 to 15 pounds,14 to 15 years,"13,15",3
Jack-A-Poo,https://dogtime.com/dog-breeds/jack-a-poo,4,4,4,4,2,4,4,5,5,5,5,4,2,2,1,2,3,4,2,4,4,5,4,4,3,4,5,5,4,5,5,Mixed Breed Dogs,10 to 16 inches,13 to 25 pounds,12 to 15 years,"10,16",2
Jack Chi,https://dogtime.com/dog-breeds/jack-chi,3,4,2,3,3,2,4,4,4,5,4,3,3,2,2,5,4,4,2,3,2,4,2,4,2,4,4,4,4,4,5,Mixed Breed Dogs,12 to 15 inches,8 to 18 pounds,13 to 18 years,"12,15",2
Jack Russell Terrier,https://dogtime.com/dog-breeds/jack-russell-terrier,3,3,2,3,3,4,3,5,5,4,5,4,3,3,1,3,4,4,2,4,4,5,4,5,4,4,5,5,5,5,5,Terrier Dogs,"10 inches to 1 foot, 3 inches tall at the shoulder",13 to 17 pounds,10 to 15 years,"10,15",2
Japanese Chin,https://dogtime.com/dog-breeds/japanese-chin,3,5,4,3,1,3,2,3,3,3,3,4,2,3,1,3,3,3,1,3,3,3,4,3,3,1,2,2,1,2,4,Companion Dogs,8 inches to 11 inches tall at the shoulder,4 to 9 pounds,10 to 14 years,"8,11",1
Japanese Spitz,https://dogtime.com/dog-breeds/japanese-spitz,3,4,4,3,2,4,3,4,4,5,4,2,3,3,1,4,3,2,2,3,4,4,2,2,4,2,3,3,2,3,4,Companion Dogs,10 to 16 inches,11 to 20 pounds,10 to 16 years,"10,16",2
Korean Jindo Dog,https://dogtime.com/dog-breeds/jindo,3,3,2,3,2,5,2,4,5,3,3,4,3,5,1,1,4,2,3,3,2,5,2,5,5,5,4,4,4,5,4,Sporting Dogs,19½ to 21 inches for males and 18½ to 20 inches for females,35 - 60 pounds,12 - 15 years,"18,21",3
Karelian Bear Dog,https://dogtime.com/dog-breeds/karelian-bear-dog,3,2,1,4,2,5,3,3,4,3,1,2,3,3,1,4,4,2,3,4,2,4,4,5,4,5,4,4,5,4,4,Working Dogs,19 to 24 inches,44 to 50 pounds,10 to 13 years,"19,24",4
Keeshond,https://dogtime.com/dog-breeds/keeshond,4,4,4,5,1,5,3,5,5,5,4,4,3,5,1,3,3,4,3,3,4,4,3,3,4,2,4,4,3,3,5,Companion Dogs,"1 foot, 4 inches to 1 foot, 7 inches tall at the shoulder",35 to 45 pounds,12 to 15 years,"16,19",3
Kerry Blue Terrier,https://dogtime.com/dog-breeds/kerry-blue-terrier,3,3,2,3,3,4,3,4,4,4,2,5,2,1,1,2,3,3,3,4,4,4,4,3,4,3,4,4,4,5,4,Terrier Dogs,"1 foot, 5 inches to 1 foot, 7 inches tall at the shoulder",33 to 40 pounds,12 to 15 years,"17,19",3
Komondor,https://dogtime.com/dog-breeds/komondor,3,2,1,4,1,4,3,3,5,3,1,1,3,3,2,2,2,3,4,4,4,4,3,2,5,4,3,2,1,4,4,Working Dogs,25 to 27 inches tall at the shoulder,80 to 100 pounds,10 to 12 years,"25,27",5
Kooikerhondje,https://dogtime.com/dog-breeds/kooikerhondje,3,4,3,4,2,4,3,2,3,2,2,2,3,3,1,2,5,3,3,3,1,4,3,3,3,3,5,4,5,5,4,Sporting Dogs,"1 foot, 2 inches to 1 foot, 4 inches tall at the shoulder",20 to 25 pounds,12 to 14 years,"14,16",2
Kuvasz,https://dogtime.com/dog-breeds/kuvasz,3,1,1,5,1,5,2,2,5,1,2,1,4,4,3,4,4,4,5,2,2,4,1,1,3,3,4,4,4,5,4,Working Dogs,26 to 30 inches tall at the shoulder,70 to 115 pounds,10 to 12 years,"26,30",5
Kyi-Leo,https://dogtime.com/dog-breeds/kyi-leo,4,5,4,3,4,5,2,4,5,5,4,3,2,2,1,2,3,3,2,3,3,3,4,1,4,2,3,4,3,2,4,Mixed Breed Dogs,8 to 12 inches,8 to 14 pounds,13 to 15 years,"8,12",2
Lab Pointer,https://dogtime.com/dog-breeds/lab-pointer,3,1,4,3,1,4,4,4,5,4,3,4,3,2,2,4,4,4,4,4,5,4,2,4,2,4,4,5,3,5,4,Mixed Breed Dogs,22 to 28 inches,35 to 80 pounds,10 to 15 years,"22,28",4
Labernese,https://dogtime.com/dog-breeds/labernese,3,2,4,4,1,4,2,4,4,5,4,3,3,4,3,3,2,4,4,3,3,4,3,3,2,4,4,4,2,4,5,Mixed Breed Dogs,24 to 28 inches,65 to 110 pounds,6 to 12 years,"24,28",5
Labmaraner,https://dogtime.com/dog-breeds/labmaraner,3,1,4,4,1,3,3,4,4,5,4,3,3,1,2,4,4,4,4,4,4,4,3,3,3,4,4,4,3,5,5,Mixed Breed Dogs,21 to 24 inches,60 to 100 pounds,10 to 12 years,"21,24",4
Labrabull,https://dogtime.com/dog-breeds/labrabull,3,2,2,4,1,3,3,4,5,5,2,5,4,5,2,5,3,3,4,4,5,5,5,3,3,4,5,5,5,4,5,Mixed Breed Dogs,20 to 24 inches ,45 to 90 pounds ,10 to 14 years ,"20,24",4
Labradane,https://dogtime.com/dog-breeds/labradane,3,1,2,3,2,4,4,4,5,5,4,3,4,2,3,4,4,4,5,3,3,4,2,3,1,3,4,4,2,4,5,Mixed Breed Dogs,24 to 30 inches,100 to 180 pounds,8 to 12 years,"24,30",5
Labradoodle,https://dogtime.com/dog-breeds/labradoodle,4,3,4,3,4,5,4,5,5,4,5,5,3,3,1,4,4,3,4,3,4,4,1,2,2,3,5,5,4,5,5,Hybrid Dogs,21 to 24 inches at the shoulder,50 to 65 pounds,12 to 14 years,"21,24",4
Labrador Retriever,https://dogtime.com/dog-breeds/labrador-retriever,3,1,3,5,2,3,3,5,5,5,5,5,4,5,3,5,3,5,4,4,5,5,5,2,4,3,5,5,5,5,5,Sporting Dogs,21 to 24 inches at the shoulder,55 to 80 pounds,10 to 12 years,"21,24",4
Labrastaff,https://dogtime.com/dog-breeds/labrastaff,3,2,2,4,1,3,3,4,4,4,3,4,4,4,3,3,4,4,4,3,2,4,3,3,3,4,4,4,3,4,4,Mixed Breed Dogs,17 to 24 inches,40 to 80 pounds,10 to 14 years,"17,24",3
Labsky,https://dogtime.com/dog-breeds/labsky,2,2,2,2,2,5,1,4,5,4,3,3,3,4,2,2,3,4,4,4,4,5,3,4,4,4,5,5,4,5,5,Mixed Breed Dogs,20 to 28 inches,40 to 60 pounds,10 to 12 years,"20,28",3
Lagotto Romagnolo,https://dogtime.com/dog-breeds/lagotto-romagnolo,3,2,4,3,3,4,3,3,3,3,3,3,2,1,2,1,4,3,2,3,4,4,2,4,3,3,4,4,2,4,4,Sporting Dogs,14 to 19 inches,24 to 35 pounds,14 to 17 years,"14,19",3
Lakeland Terrier,https://dogtime.com/dog-breeds/lakeland-terrier,3,4,3,3,2,4,4,4,5,4,3,3,3,2,1,2,5,3,2,3,2,4,1,4,2,3,4,5,4,4,4,Terrier Dogs,"1 foot, 1 inch to 1 foot, 2 inches tall at the shoulder",15 to 17 pounds,12 to 15 years,"13,14",2
Lancashire Heeler,https://dogtime.com/dog-breeds/lancashire-heeler,3,2,2,3,3,3,3,3,4,3,3,2,3,3,1,4,4,4,1,3,3,4,2,2,2,4,4,4,4,3,4,Herding Dogs,10 inches to 1 foot tall at the shoulder,13 to 15 pounds,9 to 14 years,"10,12",2
Leonberger,https://dogtime.com/dog-breeds/leonberger,2,1,1,4,2,5,1,4,5,4,3,2,4,5,3,4,1,4,5,3,2,3,4,4,3,2,4,4,4,4,4,Working Dogs,"2 feet, 1 inch to 2 feet, 7 inches tall at the shoulder",120 to 170 pounds,10 to 12 years,"25,31",5
Lhasa Apso,https://dogtime.com/dog-breeds/lhasa-apso,4,5,5,5,4,3,2,3,4,4,3,2,2,3,1,1,3,3,1,3,3,4,3,4,4,2,4,4,3,3,5,Companion Dogs,9 inches to 11 inches tall at the shoulder,12 to 15 pounds,12 to 15 years,"9,11",2
Lhasapoo,https://dogtime.com/dog-breeds/lhasapoo,3,4,2,4,2,3,3,3,4,3,3,1,3,1,1,3,4,3,3,3,3,5,2,2,4,2,4,4,4,3,4,Mixed Breed Dogs,9 to 13 inches,10 to 15 pounds,10 to 15 years,"9,13",2
Lowchen,https://dogtime.com/dog-breeds/lowchen,3,5,4,3,1,3,3,5,5,5,4,4,3,3,1,3,5,3,1,4,5,4,3,4,4,5,4,4,3,4,5,Companion Dogs,"1 foot to 1 foot, 2 inches tall at the shoulder",9 to 18 pounds,13 to 15 years,"12,14",2
Maltese,https://dogtime.com/dog-breeds/maltese,3,5,5,4,1,1,3,4,5,3,4,2,2,2,1,2,3,3,1,3,4,4,3,4,2,1,3,3,3,2,4,Companion Dogs,8 inches to 10 inches tall at the shoulder,Up to 7 pounds,12 to 15 years,"8,10",1
Maltese Shih Tzu,https://dogtime.com/dog-breeds/maltese-shih-tzu,3,5,5,3,3,2,2,3,4,3,3,3,2,1,1,2,2,3,1,4,4,3,4,5,4,1,3,3,2,3,3,Hybrid Dogs,From 10 inches tall at the shoulder,6 to 12 pounds,12 to 14 years,10,1
Maltipoo,https://dogtime.com/dog-breeds/maltipoo,4,5,5,5,1,2,3,4,5,4,4,4,2,1,1,3,2,2,2,4,5,4,3,2,5,4,3,3,3,2,4,Hybrid Dogs,"8 inches to 1 foot, 2 inches tall at the shoulder",5 to 20 pounds,10 to 13 years,"8,14",2
Manchester Terrier,https://dogtime.com/dog-breeds/manchester-terrier,3,5,3,3,3,1,3,3,4,3,3,3,3,3,1,5,2,4,2,3,2,4,2,4,4,4,4,4,4,4,4,Terrier Dogs,"1 foot, 3 inches to 1 foot, 4 inches tall at the shoulder",12 to 22 pounds,14 to 16 years,"15,16",2
Mastador,https://dogtime.com/dog-breeds/mastador,3,1,2,4,3,4,2,4,5,5,3,3,4,4,4,4,4,4,4,3,4,4,4,2,2,2,4,4,4,4,4,Mixed Breed Dogs,28 to 36 inches,85 to 160 pounds ,10 to 12 years ,"28,36",5
Mastiff,https://dogtime.com/dog-breeds/mastiff,2,2,1,3,3,4,1,4,5,5,2,2,4,3,5,3,3,4,5,2,3,2,4,2,2,1,4,3,3,4,4,Working Dogs,27 to 32 inches tall at the shoulder,130 to 220 pounds,6 to 10 years,"27,32",5
Miniature Pinscher,https://dogtime.com/dog-breeds/miniature-pinscher,3,5,3,5,2,1,3,3,5,3,2,3,3,2,1,5,3,5,1,3,3,3,2,3,1,5,4,4,3,4,5,Companion Dogs,10 inches to 1 foot tall at the shoulder,8 to 11 pounds,10 to 14 years,"10,12",1
Miniature Schnauzer,https://dogtime.com/dog-breeds/miniature-schnauzer,4,4,3,4,5,4,4,4,5,3,3,3,2,2,1,2,3,4,2,4,5,4,2,4,3,3,4,5,3,5,4,Terrier Dogs,"1 foot to 1 foot, 2 inches tall at the shoulder",11 to 20 pounds,12 to 14 years,"12,14",2
Morkie,https://dogtime.com/dog-breeds/morkie,3,3,2,3,2,2,3,3,4,3,2,3,2,1,1,3,4,4,1,4,3,4,5,3,5,2,4,4,3,4,5,Mixed Breed Dogs,4 to 8 inches,7 to 13 pounds,10 to 14 years,"4,8",1
Mudi,https://dogtime.com/dog-breeds/mudi,3,2,4,4,2,3,3,3,4,2,2,2,3,3,1,4,4,2,2,4,5,4,3,4,4,4,4,4,2,4,4,Herding Dogs,14 to 20 inches,18 to 29 pounds,12 to 14 years,"14,20",3
Neapolitan Mastiff,https://dogtime.com/dog-breeds/neapolitan-mastiff,2,2,1,4,1,1,2,3,5,4,2,1,4,3,5,3,2,5,5,2,3,3,2,1,1,1,3,3,1,3,4,Working Dogs,24 to 31 inches tall at the shoulder,120 to 200 pounds,8 to 10 years,"24,31",5
Newfoundland,https://dogtime.com/dog-breeds/newfoundland,3,1,3,4,1,5,2,5,5,5,4,4,4,5,5,2,1,4,5,4,5,4,3,4,4,3,3,3,1,3,4,Working Dogs,"2 feet, 1 inch to 2 feet, 5 inches tall at the shoulder",100 to 150 pounds,8 to 10 years,"25,29",5
Norfolk Terrier,https://dogtime.com/dog-breeds/norfolk-terrier,4,4,5,4,3,4,4,5,5,4,5,4,3,1,1,4,5,5,1,3,5,4,2,1,3,4,4,4,4,4,5,Terrier Dogs,9 inches to 10 inches tall at the shoulder,11 to 12 pounds,12 to 15 years,"9,10",1
Norwegian Buhund,https://dogtime.com/dog-breeds/norwegian-buhund,3,3,3,3,4,5,2,4,5,5,3,3,3,3,1,2,4,3,3,3,4,3,3,2,4,4,5,4,4,5,5,Herding Dogs,"1 foot, 4 inches to 1 foot, 6 inches tall at the shoulder",26 to 40 pounds,12 to 15 years,"16,18",3
Norwegian Elkhound,https://dogtime.com/dog-breeds/norwegian-elkhound,4,4,4,4,2,5,3,4,5,4,4,4,3,5,1,3,4,4,3,4,2,4,3,4,4,4,4,5,3,5,4,Hound Dogs,"1 foot, 7 inches to 1 foot, 8 inches tall at the shoulder",49 to 55 pounds,12 to 15 years,"19,20",3
Norwegian Lundehund,https://dogtime.com/dog-breeds/norwegian-lundehund,3,1,1,3,2,5,3,5,5,5,5,5,3,5,1,4,3,3,3,3,4,5,3,2,1,5,5,4,4,5,5,Working Dogs,"1 foot to 1 foot, 3 inches tall at the shoulder",13 to 16 pounds,10 to 12 years,"12,15",2
Norwich Terrier,https://dogtime.com/dog-breeds/norwich-terrier,4,5,3,4,2,4,4,5,5,5,5,5,3,2,1,2,4,5,1,4,4,4,4,3,4,4,5,5,4,4,5,Terrier Dogs,Up to 10 inches tall at the shoulder,Up to 12 pounds,10 to 14 years,10,1
Nova Scotia Duck Tolling Retriever,https://dogtime.com/dog-breeds/nova-scotia-duck-tolling-retriever,4,5,3,3,2,4,4,5,5,5,4,4,3,3,1,5,4,4,3,4,4,5,4,5,4,3,5,5,3,5,5,Sporting Dogs,"1 foot, 5 inches to 1 foot, 9 inches tall at the shoulder",35 to 50 pounds,10 to 14 years,"17,21",3
Old English Sheepdog,https://dogtime.com/dog-breeds/old-english-sheepdog,4,5,4,4,2,4,2,4,5,4,4,4,3,1,4,1,4,4,4,3,3,4,2,3,1,2,4,4,3,4,4,Herding Dogs,20 to 24 inches,60 to 100 pounds,10 to 12 years,"20,24",4
Otterhound,https://dogtime.com/dog-breeds/otterhound,3,1,4,2,5,4,3,5,5,5,5,4,3,4,1,2,4,3,4,4,2,4,3,5,2,5,5,5,4,5,5,Hound Dogs,"2 feet to 2 feet, 3 inches tall at the shoulder",64 to 110 pounds,10 to 12 years,"24,27",5
Papillon,https://dogtime.com/dog-breeds/papillon,3,5,5,3,1,2,4,4,5,3,4,5,2,2,1,3,3,3,1,3,5,4,3,4,2,1,4,4,3,5,5,Companion Dogs,8 inches to 11 inches tall at the shoulder,4 to 9 pounds,12 to 16 years,"8,11",1
Papipoo,https://dogtime.com/dog-breeds/papipoo,4,5,5,4,1,2,4,4,5,3,4,4,2,1,1,2,3,3,1,3,5,5,3,3,2,2,5,5,3,5,5,Mixed Breed Dogs,10 to 11 inches,6 to 14 pounds,10 to 14 years,"10,11",2
Peekapoo,https://dogtime.com/dog-breeds/peekapoo,4,5,5,4,2,3,2,4,5,4,4,3,2,2,1,2,3,4,1,3,3,4,4,3,4,1,3,3,2,3,4,Hybrid Dogs,9 to 11 inches tall at the shoulder,4 to 20 pounds,10 to 15 years,"9,11",2
Pekingese,https://dogtime.com/dog-breeds/pekingese,3,5,4,2,3,4,1,3,5,2,2,2,2,4,1,1,2,3,1,4,3,4,3,5,4,3,2,2,1,2,3,Companion Dogs,6 inches to 9 inches tall at the shoulder,7 to 14 pounds,12 to 15 years,"6,9",1
Pembroke Welsh Corgi,https://dogtime.com/dog-breeds/pembroke-welsh-corgi,4,4,4,4,3,4,3,4,5,4,3,5,3,5,1,4,3,4,2,3,5,5,2,3,2,2,4,4,3,4,4,Herding Dogs,10 inches to 1 foot tall at the shoulder,Up to 30 pounds,12 to 14 years,"10,12",2
Petit Basset Griffon Vendeen,https://dogtime.com/dog-breeds/petit-basset-griffon-vendeen,3,4,3,3,3,4,3,5,5,5,5,5,3,4,1,2,3,4,2,4,1,4,3,5,5,5,5,5,4,5,5,Hound Dogs,"1 foot, 1 inch to 1 foot, 3 inches tall at the shoulder",30 to 40 pounds,Starts at 14 years,"13,15",2
Pharaoh Hound,https://dogtime.com/dog-breeds/pharaoh-hound,4,4,4,5,2,1,5,5,5,5,5,4,3,2,1,4,5,3,3,4,3,4,4,5,4,4,3,2,3,4,4,Hound Dogs,"1 foot, 9 inches to 2 feet, 1 inch tall at the shoulder",45 to 55 pounds,11 to 14 years,"21,25",3
Pitsky,https://dogtime.com/dog-breeds/pitsky,2,2,1,4,1,3,3,5,5,5,3,5,3,4,2,3,4,2,3,4,3,3,4,3,4,4,5,4,4,5,5,Mixed Breed Dogs,16 to 25 inches ,30 to 80 pounds ,12 to 16 years ,"16,25",4
Plott,https://dogtime.com/dog-breeds/plott,2,1,1,4,2,2,4,4,4,3,5,3,3,2,1,5,5,3,3,4,4,3,3,5,1,5,4,4,4,5,3,Hound Dogs,"1 foot, 8 inches to 2 feet, 3 inches tall at the shoulder",40 to 75 pounds,12 to 14 years,"20,27",4
Pocket Beagle,https://dogtime.com/dog-breeds/pocket-beagle,3,4,3,4,2,2,4,5,5,5,5,4,3,3,1,5,3,5,2,4,3,4,4,3,5,5,4,4,4,4,4,Hound Dogs,7 inches to 1 foot tall at the shoulder,7 to 15 pounds,Starts at 10 years,"7,12",2
Pointer,https://dogtime.com/dog-breeds/pointer,2,1,1,3,1,2,4,5,5,5,5,5,3,3,1,5,3,3,3,5,5,5,5,5,3,5,5,5,5,5,5,Sporting Dogs,"1 foot, 11 inches to 2 feet, 4 inches tall at the shoulder",45 to 75 pounds,12 to 15 years,"23,28",5
Polish Lowland Sheepdog,https://dogtime.com/dog-breeds/polish-lowland-sheepdog,4,4,2,4,3,4,4,4,5,4,3,3,2,1,1,1,4,3,3,3,4,4,3,3,2,3,4,4,3,4,4,Herding Dogs,"1 foot, 5 inches to 1 foot, 8 inches tall at the shoulder",35 to 55 pounds,10 to 12 years,"17,20",3
Pomapoo,https://dogtime.com/dog-breeds/pomapoo,3,5,5,4,1,3,2,4,5,3,3,3,2,3,1,1,3,4,1,3,4,4,3,2,3,1,3,3,3,3,4,Mixed Breed Dogs,8 to 10 inches,5 to 15 pounds,12 to 15 years ,"8,10",1
Pomchi,https://dogtime.com/dog-breeds/pomchi,3,4,3,3,3,2,4,3,4,3,3,3,3,3,1,2,5,4,1,4,3,4,4,3,4,3,4,3,4,3,4,Mixed Breed Dogs,6 to 10 inches,4 to 12 pounds,12 to 18 years,"6,10",1
Pomeagle,https://dogtime.com/dog-breeds/pomeagle,3,4,4,4,1,3,2,4,5,3,3,3,3,4,1,2,3,4,1,3,3,2,3,3,5,4,4,4,3,3,4,Mixed Breed Dogs,6 to 11 inches ,5 to 25 pounds ,12 to 15 years ,"6,11",2
Pomeranian,https://dogtime.com/dog-breeds/pomeranian,3,4,4,4,1,4,2,3,5,2,2,3,3,4,1,2,3,4,1,3,4,4,2,2,5,1,3,3,2,2,3,Companion Dogs,7 inches to 1 foot tall at the shoulder,3 to 7 pounds,12 to 16 years,"7,12",2
Pomsky,https://dogtime.com/dog-breeds/pomsky,3,5,2,4,1,5,3,3,5,2,3,3,3,4,1,2,3,3,2,4,3,4,3,4,5,2,3,4,2,3,4,Mixed Breed Dogs,10 to 15 inches,7 to 38 pounds,12 to 15 years,"10,15",2
Poochon,https://dogtime.com/dog-breeds/poochon,4,5,5,5,1,3,4,5,5,5,4,4,2,1,1,1,3,4,2,3,5,4,3,3,2,2,4,4,3,4,5,Mixed Breed Dogs,9 to 15 inches ,6 to 17 pounds ,12 to 15 years,"9,15",2
Poodle - Standard,https://dogtime.com/dog-breeds/poodle,4,5,5,4,1,3,4,5,5,5,4,4,2,1,1,1,2,4,4,4,5,5,4,2,2,3,4,4,3,4,5,Companion Dogs,15 to 24 inches tall at the shoulder,45 to 70 pounds,12 to 15 years,"15,24",3
Poodle - Small,https://dogtime.com/dog-breeds/poodle,4,5,5,4,1,3,4,5,5,5,4,4,2,1,1,1,2,4,4,4,5,5,4,2,2,3,4,4,3,4,5,Companion Dogs,11 to 14 inches tall at the shoulder,12 to 20 pounds,12 to 15 years,"11,14",2
Poodle - Tiny,https://dogtime.com/dog-breeds/poodle,4,5,5,4,1,3,4,5,5,5,4,4,2,1,1,1,2,4,4,4,5,5,4,2,2,3,4,4,3,4,5,Companion Dogs,9 to 11 inches tall at the shoulder,6 to 9 pounds,12 to 15 years,"9,11",1
Portuguese Podengo Pequeno,https://dogtime.com/dog-breeds/portuguese-podengo-pequeno,3,5,4,3,3,2,3,4,4,4,4,4,3,3,1,4,4,2,1,4,4,3,3,4,4,3,4,5,3,3,3,Hound Dogs,8 to 12 inches,9 to 13 pounds,12 to 15 years,"8,12",1
Portuguese Water Dog,https://dogtime.com/dog-breeds/portuguese-water-dog,3,4,3,4,2,4,3,5,5,5,5,3,2,1,1,2,4,3,3,4,4,5,5,3,3,3,5,5,3,5,5,Working Dogs,"1 foot, 5 inches to 1 foot, 11 inches tall at the shoulder",35 to 60 pounds,10 to 14 years,"17,23",3
Pug,https://dogtime.com/dog-breeds/pug,3,5,5,3,1,2,1,4,5,4,4,4,3,5,1,5,1,5,2,2,3,2,2,3,2,2,4,3,4,3,5,Companion Dogs,"10 inches to 1 foot, 2 inches tall at the shoulder",14 to 18 pounds,12 to 15 years,"10,14",2
Pugalier,https://dogtime.com/dog-breeds/pugalier,4,5,5,5,2,2,2,5,5,5,5,5,3,4,1,4,3,5,2,3,4,3,3,3,3,2,4,3,3,3,5,Mixed Breed Dogs,10 to 14 inches,10 to 20 pounds,12 to 15 years ,"10,14",2
Puggle,https://dogtime.com/dog-breeds/puggle,4,4,5,3,3,3,3,5,3,5,5,5,3,3,1,5,4,5,2,3,2,3,3,2,4,5,3,3,2,3,3,Hybrid Dogs,"1 foot, 1 inch to 1 foot, 3 inches tall at the shoulder",18 to 30 pounds,10 to 15 years,"13,15",2
Puli,https://dogtime.com/dog-breeds/puli,3,4,1,4,2,4,3,4,5,5,5,2,2,1,1,1,5,3,3,4,2,4,3,4,4,5,5,5,5,5,5,Herding Dogs,"1 foot, 4 inches to 1 foot, 5 inches tall at the shoulder",25 to 35 pounds,10 to 15 years,"16,17",2
Pyrenean Shepherd,https://dogtime.com/dog-breeds/pyrenean-shepherd,3,5,2,4,1,4,3,4,5,5,2,2,2,3,1,3,2,3,2,3,2,4,3,4,5,2,5,4,5,5,5,Herding Dogs,"1 foot, 3 inches to 1 foot, 9 inches tall at the shoulder",25 to 30 pounds,15 to 17 years,"15,21",3
Rat Terrier,https://dogtime.com/dog-breeds/rat-terrier,3,5,3,4,3,1,4,4,4,5,3,4,3,4,1,5,4,3,1,3,5,4,2,4,1,4,5,5,4,4,5,Terrier Dogs,"1 foot, 1 inch to 1 foot, 4 inches tall at the shoulder",10 to 25 pounds,13 to 18 years,"13,16",2
Redbone Coonhound,https://dogtime.com/dog-breeds/redbone-coonhound,3,4,2,5,2,3,2,4,5,5,4,3,3,2,4,5,3,3,3,4,3,4,4,4,4,5,5,4,4,5,5,Hound Dogs,"1 foot, 9 inches to 2 feet, 3 inches tall at the shoulder",45 to 70 pounds,10 to 12 years,"21,27",4
Rhodesian Ridgeback,https://dogtime.com/dog-breeds/rhodesian-ridgeback,3,1,2,4,2,3,3,4,5,4,4,3,4,4,1,5,4,3,4,3,2,4,3,5,1,5,5,4,4,5,5,Hound Dogs,"2 feet to 2 feet, 3 inches tall at the shoulder",70 to 85 pounds,10 to 12 years,"24,27",5
Rottador,https://dogtime.com/dog-breeds/rottador,3,3,2,5,1,4,3,4,5,4,3,3,4,4,4,5,2,5,4,4,4,5,4,3,4,3,5,5,5,5,5,Mixed Breed Dogs,24 to 27 inches,70 to 115 pounds,10 to 12 years,"24,27",5
Rottle - Medium,https://dogtime.com/dog-breeds/rottle,3,4,3,3,3,3,3,4,5,4,3,3,3,2,2,4,4,3,3,3,5,5,3,3,2,2,4,4,3,4,5,Mixed Breed Dogs,12 to 27 inches,60 to 90 pounds,9 to 15 years,,
Rottle - Small,https://dogtime.com/dog-breeds/rottle,3,4,3,3,3,3,3,4,5,4,3,3,3,2,2,4,4,3,3,3,5,5,3,3,2,2,4,4,3,4,5,Mixed Breed Dogs,12 to 27 inches,60 to 90 pounds,9 to 15 years,,
Rottweiler,https://dogtime.com/dog-breeds/rottweiler,2,2,1,4,1,2,3,4,5,4,2,4,4,4,4,5,2,5,3,4,4,5,3,4,4,2,4,4,4,4,5,Working Dogs,"1 foot, 10 inches to 2 feet, 3 inches tall at the shoulder",85 to 130 pounds,8 to 11 years,"22,27",5
Saint Berdoodle,https://dogtime.com/dog-breeds/saint-berdoodle,3,2,5,3,2,4,3,5,5,5,5,4,3,3,1,4,4,3,4,3,4,4,3,3,3,3,3,3,3,3,3,Mixed Breed Dogs,15 to 30 inches,40 to 180 pounds,8 to 12 years,"15,30",5
Saint Bernard,https://dogtime.com/dog-breeds/saint-bernard,3,3,2,4,1,5,1,5,5,5,5,5,4,4,5,2,2,4,5,2,2,4,3,1,1,2,3,3,2,2,4,Working Dogs,"2 feet, 2 inches to 2 feet, 6 inches tall at the shoulder",120 to 180 pounds,8 to 10 years,"26,30",5
Saluki,https://dogtime.com/dog-breeds/saluki,2,1,2,5,1,2,3,4,5,4,4,1,3,2,1,4,4,1,4,4,4,4,4,5,1,5,4,5,2,5,5,Hound Dogs,"1 foot, 11 inches to 2 feet, 4 inches tall at the shoulder",35 to 70 pounds,12 to 14 years,"23,28",4
Samoyed,https://dogtime.com/dog-breeds/samoyed,3,2,2,4,2,5,1,5,5,5,5,5,3,5,2,1,3,4,3,4,3,3,3,5,3,4,4,5,2,5,5,Working Dogs,"1 foot, 7 inches to 2 feet tall at the shoulder",50 to 60 pounds,12 to 14 years,"19,24",4
Samusky,https://dogtime.com/dog-breeds/samusky,3,2,3,3,2,5,3,4,4,5,4,4,3,4,2,2,3,4,4,3,3,5,3,3,2,4,4,5,3,4,5,Mixed Breed Dogs,20 to 24 inches,45 to 60 pounds,12 to 15 years,"20,24",4
Schipperke,https://dogtime.com/dog-breeds/schipperke,3,4,4,4,3,3,2,3,4,5,2,2,3,3,1,5,4,5,1,3,2,4,3,2,4,5,5,5,3,5,5,Companion Dogs,"10 inches to 1 foot, 3 inches tall at the shoulder",11 to 18 pounds,13 to 15 years,"10,15",2
Schnoodle,https://dogtime.com/dog-breeds/schnoodle,3,3,5,4,2,2,4,4,4,5,3,3,3,2,1,4,3,4,4,3,4,5,3,3,2,3,4,4,3,4,4,Hybrid Dogs,"1 foot, 3 inches to 2 feet, 2 inches tall at the shoulder",20 to 75 pounds,10 to 15 years,"15,26",3
Scottish Deerhound,https://dogtime.com/dog-breeds/scottish-deerhound,3,1,1,3,2,4,4,4,5,4,2,5,3,5,1,2,3,4,5,3,2,3,4,5,1,4,5,5,5,5,5,Hound Dogs,"2 feet, 4 inches to 2 feet, 8 inches tall at the shoulder",75 to 110 pounds,8 to 11 years,"28,32",5
Scottish Terrier,https://dogtime.com/dog-breeds/scottish-terrier,3,4,2,4,3,4,3,4,5,4,4,4,2,2,1,2,4,3,2,3,1,4,3,3,4,5,4,4,4,4,4,Terrier Dogs,10 to 11 inches tall at the shoulder,18 to 22 pounds,11 to 13 years,"10,11",2
Sealyham Terrier,https://dogtime.com/dog-breeds/sealyham-terrier,4,4,4,4,2,4,3,4,4,4,4,3,3,4,3,1,5,3,2,3,3,4,2,2,2,3,4,4,2,4,4,Terrier Dogs,10 to 11 inches tall at the shoulder,22 to 24 pounds,12 to 14 years,"10,11",2
Sheepadoodle,https://dogtime.com/dog-breeds/sheepadoodle,4,4,4,5,2,4,3,5,5,5,4,4,3,1,1,3,4,4,4,3,3,5,3,1,2,2,4,4,3,4,5,Mixed Breed Dogs,16 to 22 inches,60 to 80 pounds,12 to 15 years,"16,22",3
Shepsky,https://dogtime.com/dog-breeds/shepsky,3,1,1,4,2,4,3,4,5,4,3,4,3,4,2,3,4,2,4,4,4,5,4,4,3,2,5,5,4,5,5,Mixed Breed Dogs,20 to 25 inches,45 to 88 pounds ,10 to 14 years ,"20,25",4
Shetland Sheepdog,https://dogtime.com/dog-breeds/shetland-sheepdog,3,2,3,5,2,4,3,5,5,5,4,5,3,5,1,2,4,3,1,3,5,5,1,3,1,2,4,4,2,4,4,Herding Dogs,"1 foot, 1 inch to 1 foot, 4 inches tall at the shoulder",Starts at 20 pounds,12 to 15 years,"13,16",2
Shiba Inu,https://dogtime.com/dog-breeds/shiba-inu,4,5,4,3,5,4,3,3,4,3,3,3,3,4,1,4,3,2,2,4,2,4,4,3,4,4,3,4,2,3,3,Companion Dogs,"1 foot, 1 inch to 1 foot, 5 inches tall at the shoulder",17 to 23 pounds,12 to 16 years,"13,17",2
Shichon,https://dogtime.com/dog-breeds/shichon,3,5,4,4,1,2,2,5,5,5,4,4,3,1,1,4,4,3,2,2,3,4,1,1,2,1,4,4,2,3,5,Mixed Breed Dogs,9 to 12 inches,9 to 15 pounds,12 to 18 years,"9,12",2
Shih-Poo,https://dogtime.com/dog-breeds/shih-poo,3,5,2,4,2,3,2,4,5,3,2,4,2,1,1,2,3,4,1,3,2,4,3,2,2,2,3,3,1,2,4,Mixed Breed Dogs,8 to 18 inches ,8 to 18 pounds ,13 to 17+ years ,"8,18",2
Shih Tzu,https://dogtime.com/dog-breeds/shih-tzu,3,5,5,3,3,3,1,5,5,4,4,5,2,3,1,1,3,4,1,3,3,4,4,4,2,2,3,2,3,2,4,Companion Dogs,9 to 10 inches tall at the shoulder,9 to 16 pounds,10 to 16 years,"9,10",2
Shiranian,https://dogtime.com/dog-breeds/shiranian,3,4,4,4,2,2,1,4,5,3,3,4,2,2,2,2,2,3,2,2,2,4,1,1,2,2,3,2,3,2,4,Mixed Breed Dogs,7 to 12 inches,4 to 16 pounds ,12 to 16 years,"7,12",1
Shollie,https://dogtime.com/dog-breeds/shollie,3,1,2,3,2,4,4,3,4,4,3,2,3,4,2,3,3,4,4,4,4,4,3,3,3,4,4,5,4,4,4,Mixed Breed Dogs,21 to 29 inches,70 to 80 pounds,13 to 15 years,"21,29",4
Shorkie,https://dogtime.com/dog-breeds/shorkie,3,5,3,3,1,2,2,3,4,3,2,3,2,2,1,4,2,3,1,3,2,3,2,4,4,3,4,4,3,2,5,Mixed Breed Dogs,6 to 14 inches,5 to 15 pounds ,11 to 16 years ,"6,14",1
Siberian Husky,https://dogtime.com/dog-breeds/siberian-husky,3,2,1,4,1,5,3,5,5,5,5,5,3,3,3,2,4,2,3,4,2,3,4,3,5,5,5,5,3,5,5,Working Dogs,"1 foot, 8 inches to 1 foot, 11 inches tall at the shoulder",35 to 60 pounds,12 to 15 years,"20,23",3
Silken Windhound,https://dogtime.com/dog-breeds/silken-windhound,4,4,4,4,2,4,4,4,5,4,3,4,3,2,2,4,4,2,3,4,5,4,3,5,1,4,4,4,2,4,5,Hound Dogs,18 to 23.5 inches,20 to 55 pounds,14 to 20 years,"18,23.5",3
Silky Terrier,https://dogtime.com/dog-breeds/silky-terrier,3,5,3,3,3,1,4,3,4,3,2,3,3,2,1,4,4,3,1,4,4,4,2,5,4,3,4,4,4,3,4,Companion Dogs,9 inches to 10 inches tall at the shoulder,8 to 10 pounds,12 to 15 years,"9,10",1
Skye Terrier,https://dogtime.com/dog-breeds/skye-terrier,4,4,4,3,2,4,4,4,4,4,2,5,3,3,1,3,5,3,2,4,2,4,3,4,4,4,4,3,4,3,4,Terrier Dogs,9 inches to 10 inches tall at the shoulder,25 to 40 pounds,12 to 14 years,"9,10",2
Sloughi,https://dogtime.com/dog-breeds/sloughi,3,4,2,4,3,2,3,4,5,5,4,3,3,3,1,5,3,2,4,3,3,4,3,5,2,3,4,5,3,5,3,Hound Dogs,"2 feet to 2 feet, 5 inches tall at the shoulder",40 to 63 pounds,12 to 16 years,"24,29",5
Small Munsterlander Pointer,https://dogtime.com/dog-breeds/small-munsterlander-pointer,3,1,2,3,4,5,3,5,5,5,5,4,3,3,1,3,5,3,3,4,5,5,3,5,3,4,5,4,5,5,4,Sporting Dogs,"1 foot, 7 inches to 1 foot, 10 inches tall at the shoulder",40 to 60 pounds,12 to 14 years,"19,22",4
Soft Coated Wheaten Terrier,https://dogtime.com/dog-breeds/soft-coated-wheaten-terrier,3,5,4,4,2,2,3,5,5,5,5,5,3,2,1,3,4,3,3,3,4,4,2,3,3,4,4,4,3,4,5,Terrier Dogs,"1 foot, 5 inches to 1 foot, 7 inches tall at the shoulder",30 to 40 pounds,12 to 15 years,"17,19",3
Spanish Mastiff,https://dogtime.com/dog-breeds/spanish-mastiff,3,2,1,3,3,4,3,3,4,4,2,2,3,3,2,3,4,3,5,2,2,4,2,1,1,2,3,3,2,3,4,Working Dogs,26 to 35 inches,140 to 220 pounds,10 to 12 years,"26,35",5
Spinone Italiano,https://dogtime.com/dog-breeds/spinone-italiano,4,4,4,5,2,4,3,5,5,5,5,5,3,3,4,2,3,2,4,3,4,4,2,4,2,2,4,4,2,4,4,Sporting Dogs,22 to 28 inches,61 to 86 pounds,10 to 14 years,"22,28",4
Springador,https://dogtime.com/dog-breeds/springador,3,2,3,4,1,4,4,3,4,3,3,3,3,1,2,4,4,4,4,4,5,5,2,4,3,4,4,4,3,4,4,Mixed Breed Dogs,18 to 24 inches,50 to 90 pounds,10 to 14 years,"18,24",4
Stabyhoun,https://dogtime.com/dog-breeds/stabyhoun,3,2,3,4,3,2,2,4,5,5,4,3,3,3,1,3,5,3,3,4,5,5,1,4,3,3,4,3,4,4,5,Sporting Dogs,"1 foot, 7 inches to 1 foot, 8 inches tall at the shoulder",45 to 50 pounds,13 to 14 years,"19,20",3
Staffordshire Bull Terrier,https://dogtime.com/dog-breeds/staffordshire-bull-terrier,2,3,1,4,2,3,1,4,5,5,1,5,3,3,3,5,3,4,2,3,2,3,2,2,3,4,4,3,3,4,5,Terrier Dogs,"1 foot, 2 inches to 1 foot, 4 inches tall at the shoulder",24 to 38 pounds,12 to 14 years,"14,16",2
Standard Schnauzer,https://dogtime.com/dog-breeds/standard-schnauzer,3,4,2,4,2,4,4,3,4,4,3,2,2,1,1,2,5,1,3,4,3,5,3,5,2,5,5,5,3,5,5,Working Dogs,"1 foot, 5 inches to 1 foot, 8 inches tall at the shoulder",30 to 50 pounds,13 to 16 years,"17,20",3
Sussex Spaniel,https://dogtime.com/dog-breeds/sussex-spaniel,4,5,5,5,1,5,5,5,5,5,5,5,3,3,1,4,4,5,2,3,3,5,2,1,4,1,2,2,1,2,4,Sporting Dogs,"1 foot, 1 inch to 1 foot, 3 inches tall at the shoulder",35 to 45 pounds,11 to 14 years,"13,15",2
Swedish Vallhund,https://dogtime.com/dog-breeds/swedish-vallhund,3,3,1,3,3,4,3,4,5,4,3,5,4,4,1,5,4,4,3,3,5,5,2,4,1,3,5,5,3,5,5,Herding Dogs,"11 inches to 1 foot, 1 inch tall at the shoulder",22 to 35 pounds,12 to 15 years,"11,13",2
Terripoo,https://dogtime.com/dog-breeds/terripoo,3,5,5,2,1,3,4,4,5,4,3,3,2,1,1,3,3,3,1,4,4,5,2,4,3,3,4,5,3,4,5,Mixed Breed Dogs,9 to 15 inches,10 to 14 pounds,10 to 15 years,"9,15",2
Texas Heeler,https://dogtime.com/dog-breeds/texas-heeler,3,2,3,3,3,4,3,3,4,3,3,3,3,4,2,3,3,5,3,4,3,5,4,3,2,4,4,5,3,5,4,Mixed Breed Dogs,16 to 22 inches,25 to 50 pounds,12 to 15 years,"16,22",3
Tibetan Mastiff,https://dogtime.com/dog-breeds/tibetan-mastiff,3,1,1,5,1,5,2,4,5,5,5,2,3,2,2,4,3,4,5,3,1,5,5,3,2,3,3,4,2,2,5,Working Dogs,"2 feet to 2 feet, 2 inches tall at the shoulder",75 to 160 pounds,10 to 14 years,"24,26",5
Tibetan Spaniel,https://dogtime.com/dog-breeds/tibetan-spaniel,3,5,4,5,1,1,2,4,5,5,4,3,3,3,1,4,5,3,1,4,4,4,3,3,4,3,4,3,3,4,4,Companion Dogs,From 10 inches tall at the shoulder,9 to 15 pounds,12 to 15 years,10,2
Tibetan Terrier,https://dogtime.com/dog-breeds/tibetan-terrier,4,5,3,4,1,4,4,4,5,5,4,3,2,1,1,1,5,3,2,3,4,4,2,2,2,3,5,5,4,5,5,Companion Dogs,"1 foot, 2 inches to 1 foot, 4 inches tall at the shoulder",20 to 24 pounds,12 to 15 years,"14,16",2
Toy Fox Terrier,https://dogtime.com/dog-breeds/toy-fox-terrier,3,5,3,4,1,2,3,4,5,4,3,3,3,4,1,5,5,2,1,4,3,4,2,5,4,4,5,5,4,5,5,Companion Dogs,8 to 11 inches at the shoulder,3 to 7 pounds,13 to 14 years,"8,11",1
Treeing Tennessee Brindle,https://dogtime.com/dog-breeds/treeing-tennessee-brindle,2,1,2,3,2,3,3,4,4,4,4,3,4,4,3,5,4,3,3,3,3,4,3,4,1,1,4,4,4,5,3,Hound Dogs,"1 foot, 4 inches to 2 feet tall at the shoulder",30 to 45 pounds,10 to 12 years,"16,24",4
Treeing Walker Coonhound,https://dogtime.com/dog-breeds/treeing-walker-coonhound,3,1,2,5,2,3,3,4,4,4,3,3,4,3,2,5,4,3,4,4,2,4,3,4,5,5,4,4,4,5,3,Hound Dogs,"1 foot, 8 inches to 2 feet, 3 inches tall at the shoulder",45 to 80 pounds,12 to 13 years,"20,27",4
Valley Bulldog,https://dogtime.com/dog-breeds/valley-bulldog,3,4,3,4,2,1,1,4,5,4,3,4,4,4,3,5,3,4,4,3,3,3,2,3,4,1,4,4,4,4,4,Mixed Breed Dogs,12 to 25 inches,50 to 125 pounds ,8 to 12 years,"12,25",5
Vizsla,https://dogtime.com/dog-breeds/vizsla,3,1,3,5,1,1,4,5,5,5,5,5,3,2,1,5,4,2,3,4,5,4,4,2,5,5,5,5,4,5,5,Sporting Dogs,"1 foot, 9 inches to 2 feet tall at the shoulder",45 to 65 pounds,10 to 14 years,"21,24",4
Weimaraner,https://dogtime.com/dog-breeds/weimaraner,3,1,2,5,1,3,4,4,5,4,3,3,4,4,4,5,3,2,4,4,4,5,5,5,2,5,5,5,5,5,5,Sporting Dogs,"1 foot, 11 inches to 2 feet, 3 inches tall at the shoulder",55 to 85 pounds,11 to 13 years,"23,24",4
Welsh Springer Spaniel,https://dogtime.com/dog-breeds/welsh-springer-spaniel,4,4,4,5,1,4,4,4,5,5,4,3,3,3,1,4,4,4,3,4,5,5,3,3,5,5,5,5,4,5,4,Sporting Dogs,"1 foot, 5 inches to 1 foot, 7 inches tall at the shoulder",35 to 55 pounds,10 to 15 years,"17,19",3
Welsh Terrier,https://dogtime.com/dog-breeds/welsh-terrier,3,3,3,3,2,2,2,5,4,5,5,4,3,2,1,2,5,3,2,4,3,5,2,5,4,4,5,5,5,5,5,Terrier Dogs,"1 foot, 2 inches to 1 foot, 3 inches tall at the shoulder",Up to 20 pounds,10 to 14 years,"14,15",2
West Highland White Terrier,https://dogtime.com/dog-breeds/west-highland-white-terrier,4,4,4,4,2,4,3,4,5,4,5,3,3,4,1,3,3,4,2,4,4,4,2,4,4,3,4,4,4,4,4,Terrier Dogs,10 inches to 11 inches tall at the shoulder,13 to 22 pounds,12 to 16 years,"10,11",2
Westiepoo,https://dogtime.com/dog-breeds/westiepoo,3,3,4,4,1,3,3,4,4,4,4,4,3,1,1,5,4,4,2,4,4,4,3,4,3,3,4,4,4,4,5,Mixed Breed Dogs,11 to 17 inches,20 to 35 pounds,12 to 15 years,"11,17",2
Whippet,https://dogtime.com/dog-breeds/whippet,3,5,3,5,2,1,4,5,5,5,4,4,3,2,1,5,4,1,3,4,4,4,4,5,1,4,4,5,2,5,5,Hound Dogs,"1 foot, 6 inches to 1 foot, 10 inches tall at the shoulder",18 to 48 pounds,12 to 15 years,"18,22",4
Whoodle,https://dogtime.com/dog-breeds/whoodle,3,4,1,3,1,4,2,4,4,4,3,4,3,2,1,3,4,2,3,2,2,4,1,2,1,3,4,4,4,4,4,Mixed Breed Dogs,12 to 20 inches,20 to 45 pounds,12 to 15 years,"12,20",3
Wirehaired Pointing Griffon,https://dogtime.com/dog-breeds/wirehaired-pointing-griffon,3,1,3,4,1,4,3,5,5,5,4,5,3,1,1,3,4,3,3,4,5,5,3,4,4,4,4,5,3,4,5,Sporting Dogs,"1 foot, 8 inches to 2 feet tall at the shoulder",50 to 60 pounds,10 to 14 years,"20,24",4
Xoloitzcuintli,https://dogtime.com/dog-breeds/xoloitzuintli,3,5,1,5,1,3,3,3,5,3,2,1,4,5,1,5,5,3,3,4,3,5,3,5,5,5,3,3,3,3,3,Companion Dogs,"1 foot, 6 inches to 1 foot, 11 inches tall at the shoulder",10 to 50 pounds,14 to 20 years,"18,23",4
Yorkipoo,https://dogtime.com/dog-breeds/yorkipoo,4,5,5,4,3,2,3,4,5,4,3,2,2,1,1,4,3,2,1,4,4,4,3,3,5,2,4,5,3,3,4,Hybrid Dogs,"7 inches to 1 foot, 3 inches tall at the shoulder",3 to 14 pounds,10 to 15 years,"7,15",2
Yorkshire Terrier,https://dogtime.com/dog-breeds/yorkshire-terrier,3,5,4,5,2,2,2,3,4,2,3,2,2,2,1,1,4,2,1,3,3,3,2,2,3,3,5,5,4,4,5,Companion Dogs,8 inches to 9 inches tall at the shoulder,4 to 6 pounds,12 to 15 years,"8,9",1
